time,sym,volume,maxPx,minPx,bestBid,bestAsk
0D22:15:04.167673000,BMW,4,5.9,5.9,10.9,14.1
0D22:15:04.167673000,GE,,,,,7
0D22:15:09.166804000,BMW,4,5.9,5.9,10.9,14.1
0D22:15:09.166804000,FB,2,13.7,13.7,,13.6
0D22:15:09.166804000,IBM.N,4,12.4,12.4,,8.1
0D22:15:09.166804000,GW,,,,11.3,
0D22:15:09.166804000,GE,,,,,7
0D22:15:14.167275000,BMW,4,5.9,5.9,10.9,14.1
0D22:15:14.167275000,FB,2,13.7,13.7,,13.6
0D22:15:14.167275000,IBM.N,4,12.4,12.4,,8.1
0D22:15:14.167275000,GE,8,5.5,5.5,,7
0D22:15:14.167275000,GW,9,14.6,14.6,11.3,
0D22:15:14.167275000,UL,17,14.6,6.9,,
0D22:15:19.166793000,BMW,4,5.9,5.9,10.9,14.1
0D22:15:19.166793000,FB,2,13.7,13.7,,13.6
0D22:15:19.166793000,IBM.N,10,13.9,12.4,,8.1
0D22:15:19.166793000,GE,17,11.3,5.5,10.9,7
0D22:15:19.166793000,GW,9,14.6,14.6,11.3,
0D22:15:19.166793000,UL,17,14.6,6.9,,
0D22:15:24.166544000,BMW,11,10.4,5.9,10.9,11.4
0D22:15:24.166544000,FB,2,13.7,13.7,,13.6
0D22:15:24.166544000,IBM.N,10,13.9,12.4,10,8.1
0D22:15:24.166544000,GE,17,11.3,5.5,11.1,7
0D22:15:24.166544000,GW,9,14.6,14.6,11.3,
0D22:15:24.166544000,UL,17,14.6,6.9,,8.4
0D22:15:29.167225000,BMW,15,12,5.9,10.9,11.4
0D22:15:29.167225000,FB,2,13.7,13.7,,13.6
0D22:15:29.167225000,IBM.N,10,13.9,12.4,10,8.1
0D22:15:29.167225000,GE,17,11.3,5.5,11.1,7
0D22:15:29.167225000,GW,9,14.6,14.6,13.2,
0D22:15:29.167225000,UL,17,14.6,6.9,11.7,8.4
0D22:15:34.167065000,BMW,15,12,5.9,10.9,11.4
0D22:15:34.167065000,FB,2,13.7,13.7,12.4,13.6
0D22:15:34.167065000,IBM.N,13,13.9,6.2,11.7,8.1
0D22:15:34.167065000,GE,17,11.3,5.5,11.1,7
0D22:15:34.167065000,GW,9,14.6,14.6,13.2,
0D22:15:34.167065000,UL,17,14.6,6.9,11.7,7.5
0D22:15:39.167453000,BMW,15,12,5.9,10.9,11.4
0D22:15:39.167453000,FB,2,13.7,13.7,12.4,13.6
0D22:15:39.167453000,IBM.N,22,13.9,6.2,11.7,6.9
0D22:15:39.167453000,GE,17,11.3,5.5,11.1,7
0D22:15:39.167453000,GW,9,14.6,14.6,13.2,
0D22:15:39.167453000,UL,17,14.6,6.9,11.7,7.5
0D22:15:44.167397000,BMW,20,12,5.9,10.9,11.4
0D22:15:44.167397000,FB,2,13.7,13.7,12.4,12.9
0D22:15:44.167397000,IBM.N,22,13.9,6.2,11.7,6.9
0D22:15:44.167397000,GE,17,11.3,5.5,11.1,7
0D22:15:44.167397000,GW,9,14.6,14.6,13.2,
0D22:15:44.167397000,UL,17,14.6,6.9,11.7,7.5
0D22:15:49.167642000,BMW,20,12,5.9,10.9,11.4
0D22:15:49.167642000,FB,8,13.7,10.6,12.4,12.9
0D22:15:49.167642000,IBM.N,25,13.9,6.2,11.7,6.9
0D22:15:49.167642000,GE,17,11.3,5.5,11.1,7
0D22:15:49.167642000,GW,9,14.6,14.6,13.2,
0D22:15:49.167642000,UL,18,14.6,6.5,11.7,7.5
0D22:15:54.167740000,BMW,20,12,5.9,10.9,9.9
0D22:15:54.167740000,FB,8,13.7,10.6,12.4,12.9
0D22:15:54.167740000,IBM.N,25,13.9,6.2,11.7,6.9
0D22:15:54.167740000,GE,17,11.3,5.5,13,7
0D22:15:54.167740000,GW,9,14.6,14.6,14.3,
0D22:15:54.167740000,UL,18,14.6,6.5,11.7,7.5
0D22:15:59.167378000,BMW,27,12,5.9,11.1,9.9
0D22:15:59.167378000,FB,8,13.7,10.6,12.4,12.9
0D22:15:59.167378000,IBM.N,25,13.9,6.2,11.7,6.9
0D22:15:59.167378000,GE,17,11.3,5.5,13,7
0D22:15:59.167378000,GW,11,14.6,9.6,14.3,
0D22:15:59.167378000,UL,20,14.6,6.5,11.7,7.5
0D22:16:04.166898000,BMW,27,12,5.9,11.1,9.9
0D22:16:04.166898000,FB,8,13.7,10.6,12.4,12.9
0D22:16:04.166898000,IBM.N,31,13.9,6.2,11.7,6.9
0D22:16:04.166898000,GE,17,11.3,5.5,13,7
0D22:16:04.166898000,GW,15,14.6,6.1,14.3,9.6
0D22:16:04.166898000,UL,20,14.6,6.5,11.7,7.5
0D22:16:09.167634000,BMW,27,12,5.9,11.1,7.7
0D22:16:09.167634000,FB,8,13.7,10.6,12.4,12.9
0D22:16:09.167634000,IBM.N,39,13.9,6.2,11.7,6.9
0D22:16:09.167634000,GE,17,11.3,5.5,13,7
0D22:16:09.167634000,GW,15,14.6,6.1,14.3,9.6
0D22:16:09.167634000,UL,23,14.6,6.5,11.7,7.5
0D22:16:14.167256000,BMW,27,12,5.9,12.2,7.7
0D22:16:14.167256000,FB,16,13.7,8.5,12.4,12.9
0D22:16:14.167256000,IBM.N,39,13.9,6.2,11.7,6.9
0D22:16:14.167256000,GE,17,11.3,5.5,13,7
0D22:16:14.167256000,GW,15,14.6,6.1,14.3,9.6
0D22:16:14.167256000,UL,30,14.6,6.5,11.7,7.5
0D22:16:19.166950000,BMW,31,12,5.9,12.2,7.7
0D22:16:19.166950000,FB,16,13.7,8.5,12.4,7.7
0D22:16:19.166950000,IBM.N,39,13.9,6.2,11.7,6.9
0D22:16:19.166950000,GE,17,11.3,5.5,13,7
0D22:16:19.166950000,GW,28,14.6,6.1,14.3,9.6
0D22:16:19.166950000,UL,30,14.6,6.5,11.7,7.5
0D22:16:24.166538000,BMW,31,12,5.9,12.2,7.7
0D22:16:24.166538000,FB,16,13.7,8.5,12.4,7.2
0D22:16:24.166538000,IBM.N,39,13.9,6.2,11.7,6.9
0D22:16:24.166538000,GE,20,11.3,5.5,13.9,7
0D22:16:24.166538000,GW,28,14.6,6.1,14.3,9.6
0D22:16:24.166538000,UL,30,14.6,6.5,11.7,7.5
0D22:16:29.167148000,BMW,31,12,5.9,12.2,7.7
0D22:16:29.167148000,FB,16,13.7,8.5,12.4,7.2
0D22:16:29.167148000,IBM.N,45,13.9,6.2,11.7,6.9
0D22:16:29.167148000,GE,20,11.3,5.5,13.9,7
0D22:16:29.167148000,GW,29,14.6,6.1,14.3,9.6
0D22:16:29.167148000,UL,32,14.6,6.5,11.7,7.5
0D22:16:34.167737000,BMW,40,14.7,5.9,12.2,7.7
0D22:16:34.167737000,FB,16,13.7,8.5,12.4,7.2
0D22:16:34.167737000,IBM.N,45,13.9,6.2,11.7,6.9
0D22:16:34.167737000,GE,20,11.3,5.5,13.9,7
0D22:16:34.167737000,GW,35,14.6,6.1,14.3,9.6
0D22:16:34.167737000,UL,32,14.6,6.5,11.7,7.5
0D22:16:39.167398000,BMW,43,14.7,5.6,12.2,7.7
0D22:16:39.167398000,FB,16,13.7,8.5,12.4,7.2
0D22:16:39.167398000,IBM.N,50,13.9,6.2,11.7,6.9
0D22:16:39.167398000,GE,20,11.3,5.5,13.9,7
0D22:16:39.167398000,GW,35,14.6,6.1,14.3,9.6
0D22:16:39.167398000,UL,32,14.6,6.5,11.7,7.5
0D22:16:44.167618000,BMW,43,14.7,5.6,12.2,7.7
0D22:16:44.167618000,FB,31,13.9,8.5,12.4,7.2
0D22:16:44.167618000,IBM.N,50,13.9,6.2,11.7,6.9
0D22:16:44.167618000,GE,20,11.3,5.5,13.9,7
0D22:16:44.167618000,GW,35,14.6,6.1,14.3,9.6
0D22:16:44.167618000,UL,32,14.6,6.5,11.7,7.5
0D22:16:49.166722000,BMW,43,14.7,5.6,12.2,7.7
0D22:16:49.166722000,FB,31,13.9,8.5,12.4,7.2
0D22:16:49.166722000,IBM.N,50,13.9,6.2,11.7,6.9
0D22:16:49.166722000,GE,20,11.3,5.5,13.9,7
0D22:16:49.166722000,GW,37,14.6,6.1,14.3,9.6
0D22:16:49.166722000,UL,32,14.6,6.5,11.7,7.5
0D22:16:54.166185000,BMW,43,14.7,5.6,12.2,7.7
0D22:16:54.166185000,FB,48,13.9,5.6,12.4,7.2
0D22:16:54.166185000,IBM.N,50,13.9,6.2,13.2,6.9
0D22:16:54.166185000,GE,20,11.3,5.5,13.9,7
0D22:16:54.166185000,GW,37,14.6,6.1,14.3,9.6
0D22:16:54.166185000,UL,32,14.6,6.5,11.7,7.5
0D22:16:59.167242000,BMW,46,14.7,5.6,12.3,7.7
0D22:16:59.167242000,FB,48,13.9,5.6,12.4,7.2
0D22:16:59.167242000,IBM.N,59,13.9,6.2,13.2,6.9
0D22:16:59.167242000,GE,20,11.3,5.5,13.9,7
0D22:16:59.167242000,GW,37,14.6,6.1,14.3,9.6
0D22:16:59.167242000,UL,33,14.6,6.5,11.7,6
0D22:17:04.166986000,BMW,46,14.7,5.6,12.3,7.7
0D22:17:04.166986000,FB,48,13.9,5.6,13.5,7.2
0D22:17:04.166986000,IBM.N,59,13.9,6.2,13.2,6.9
0D22:17:04.166986000,GE,20,11.3,5.5,13.9,7
0D22:17:04.166986000,GW,37,14.6,6.1,14.3,9.5
0D22:17:04.166986000,UL,33,14.6,6.5,11.7,6
0D22:17:09.167032000,BMW,46,14.7,5.6,12.3,7.7
0D22:17:09.167032000,FB,61,13.9,5.6,13.5,7.2
0D22:17:09.167032000,IBM.N,59,13.9,6.2,13.2,6.9
0D22:17:09.167032000,GE,20,11.3,5.5,13.9,7
0D22:17:09.167032000,GW,39,14.6,6.1,14.3,9.5
0D22:17:09.167032000,UL,33,14.6,6.5,11.7,6
0D22:17:14.166961000,BMW,52,14.7,5.6,12.3,7.7
0D22:17:14.166961000,FB,61,13.9,5.6,13.5,7.2
0D22:17:14.166961000,IBM.N,59,13.9,6.2,13.2,6.9
0D22:17:14.166961000,GE,27,12.7,5.5,13.9,7
0D22:17:14.166961000,GW,39,14.6,6.1,14.3,9.5
0D22:17:14.166961000,UL,41,14.6,6.5,11.7,6
0D22:17:19.166649000,BMW,52,14.7,5.6,12.3,7.7
0D22:17:19.166649000,FB,70,13.9,5.6,13.5,7.2
0D22:17:19.166649000,IBM.N,59,13.9,6.2,13.2,6.9
0D22:17:19.166649000,GE,27,12.7,5.5,13.9,7
0D22:17:19.166649000,GW,39,14.6,6.1,14.3,9.5
0D22:17:19.166649000,UL,49,14.6,6.5,11.7,6
0D22:17:24.166460000,BMW,57,14.7,5.6,12.3,7.7
0D22:17:24.166460000,FB,70,13.9,5.6,13.5,7.2
0D22:17:24.166460000,IBM.N,59,13.9,6.2,13.2,6.9
0D22:17:24.166460000,GE,28,12.7,5.5,13.9,7
0D22:17:24.166460000,GW,39,14.6,6.1,14.3,9.5
0D22:17:24.166460000,UL,49,14.6,6.5,11.7,6
0D22:17:29.167476000,BMW,57,14.7,5.6,12.3,7.7
0D22:17:29.167476000,FB,70,13.9,5.6,13.5,7.2
0D22:17:29.167476000,IBM.N,60,13.9,6.2,13.2,6.9
0D22:17:29.167476000,GE,29,12.7,5.5,13.9,7
0D22:17:29.167476000,GW,47,14.6,6.1,14.3,9.5
0D22:17:29.167476000,UL,49,14.6,6.5,11.7,6
0D22:17:34.167290000,BMW,60,14.7,5.6,12.3,7.7
0D22:17:34.167290000,FB,70,13.9,5.6,13.5,6.3
0D22:17:34.167290000,IBM.N,60,13.9,6.2,13.2,6.9
0D22:17:34.167290000,GE,33,12.7,5.5,13.9,7
0D22:17:34.167290000,GW,53,14.6,6.1,14.3,9.5
0D22:17:34.167290000,UL,49,14.6,6.5,11.7,6
0D22:17:39.167183000,BMW,63,14.7,5.6,12.3,7.7
0D22:17:39.167183000,FB,70,13.9,5.6,13.5,6.3
0D22:17:39.167183000,IBM.N,60,13.9,6.2,13.2,6.9
0D22:17:39.167183000,GE,33,12.7,5.5,13.9,7
0D22:17:39.167183000,GW,53,14.6,6.1,14.3,9.5
0D22:17:39.167183000,UL,49,14.6,6.5,11.7,6
0D22:17:44.167299000,BMW,63,14.7,5.6,12.3,7.7
0D22:17:44.167299000,FB,70,13.9,5.6,13.5,6.3
0D22:17:44.167299000,IBM.N,60,13.9,6.2,13.2,6.9
0D22:17:44.167299000,GE,33,12.7,5.5,13.9,7
0D22:17:44.167299000,GW,53,14.6,6.1,14.3,9.5
0D22:17:44.167299000,UL,49,14.6,6.5,11.7,6
0D22:17:49.167426000,BMW,72,14.7,5.6,12.3,7.7
0D22:17:49.167426000,FB,70,13.9,5.6,13.5,6.3
0D22:17:49.167426000,IBM.N,60,13.9,6.2,13.2,6.9
0D22:17:49.167426000,GE,33,12.7,5.5,13.9,7
0D22:17:49.167426000,GW,53,14.6,6.1,14.3,7.8
0D22:17:49.167426000,UL,49,14.6,6.5,11.7,6
0D22:17:54.167569000,BMW,72,14.7,5.6,12.3,7.7
0D22:17:54.167569000,FB,70,13.9,5.6,13.5,6.3
0D22:17:54.167569000,IBM.N,60,13.9,6.2,13.2,6.9
0D22:17:54.167569000,GE,33,12.7,5.5,13.9,7
0D22:17:54.167569000,GW,59,14.6,6.1,14.3,7.8
0D22:17:54.167569000,UL,49,14.6,6.5,11.7,6
0D22:17:59.167291000,BMW,72,14.7,5.6,12.3,7.7
0D22:17:59.167291000,FB,78,13.9,5.6,13.5,6.3
0D22:17:59.167291000,IBM.N,60,13.9,6.2,13.2,6.9
0D22:17:59.167291000,GE,33,12.7,5.5,13.9,7
0D22:17:59.167291000,GW,63,14.6,6.1,14.3,7.8
0D22:17:59.167291000,UL,62,14.6,6.5,11.7,6
0D22:18:04.167454000,BMW,72,14.7,5.6,12.3,7.7
0D22:18:04.167454000,FB,80,13.9,5.6,13.5,6.3
0D22:18:04.167454000,IBM.N,60,13.9,6.2,13.2,6.9
0D22:18:04.167454000,GE,37,12.7,5.5,13.9,7
0D22:18:04.167454000,GW,68,14.6,5.1,14.3,7.8
0D22:18:04.167454000,UL,62,14.6,6.5,11.7,6
0D22:18:09.166975000,BMW,72,14.7,5.6,12.3,7.7
0D22:18:09.166975000,FB,80,13.9,5.6,13.5,6.3
0D22:18:09.166975000,IBM.N,60,13.9,6.2,13.2,6.9
0D22:18:09.166975000,GE,37,12.7,5.5,13.9,7
0D22:18:09.166975000,GW,75,14.6,5.1,14.3,7.8
0D22:18:09.166975000,UL,62,14.6,6.5,11.7,6
0D22:18:14.166386000,BMW,72,14.7,5.6,12.3,7.7
0D22:18:14.166386000,FB,80,13.9,5.6,13.9,6.3
0D22:18:14.166386000,IBM.N,69,13.9,6.2,13.2,6.9
0D22:18:14.166386000,GE,37,12.7,5.5,13.9,7
0D22:18:14.166386000,GW,84,14.6,5.1,14.3,7.8
0D22:18:14.166386000,UL,62,14.6,6.5,11.7,6
0D22:18:19.167721000,BMW,72,14.7,5.6,12.3,7.7
0D22:18:19.167721000,FB,85,14.3,5.6,13.9,6.3
0D22:18:19.167721000,IBM.N,78,14.9,6.2,13.2,6.9
0D22:18:19.167721000,GE,37,12.7,5.5,13.9,7
0D22:18:19.167721000,GW,84,14.6,5.1,14.3,7.8
0D22:18:19.167721000,UL,72,14.6,6.5,11.7,6
0D22:18:24.166408000,BMW,77,14.7,5.6,12.3,7.7
0D22:18:24.166408000,FB,85,14.3,5.6,13.9,6.3
0D22:18:24.166408000,IBM.N,83,14.9,6.2,13.2,6.9
0D22:18:24.166408000,GE,37,12.7,5.5,13.9,7
0D22:18:24.166408000,GW,84,14.6,5.1,14.3,7.8
0D22:18:24.166408000,UL,72,14.6,6.5,11.7,6
0D22:18:29.166620000,BMW,77,14.7,5.6,12.3,7.7
0D22:18:29.166620000,FB,85,14.3,5.6,14.9,6.3
0D22:18:29.166620000,IBM.N,87,14.9,6,13.2,6.9
0D22:18:29.166620000,GE,39,12.7,5.5,13.9,6.4
0D22:18:29.166620000,GW,84,14.6,5.1,14.3,7.8
0D22:18:29.166620000,UL,72,14.6,6.5,11.7,6
0D22:18:34.173600000,BMW,77,14.7,5.6,12.3,7.7
0D22:18:34.173600000,FB,85,14.3,5.6,14.9,6.3
0D22:18:34.173600000,IBM.N,87,14.9,6,13.2,6.9
0D22:18:34.173600000,GE,39,12.7,5.5,13.9,6.4
0D22:18:34.173600000,GW,90,14.6,5.1,14.3,7.8
0D22:18:34.173600000,UL,72,14.6,6.5,11.7,6
0D22:18:39.167760000,BMW,77,14.7,5.6,12.3,7.7
0D22:18:39.167760000,FB,85,14.3,5.6,14.9,6.3
0D22:18:39.167760000,IBM.N,98,14.9,5.3,13.2,6.9
0D22:18:39.167760000,GE,43,12.7,5.5,13.9,6.4
0D22:18:39.167760000,GW,90,14.6,5.1,14.3,7.8
0D22:18:39.167760000,UL,73,14.8,6.5,11.7,6
0D22:18:44.166870000,BMW,82,14.7,5.6,12.3,7.7
0D22:18:44.166870000,FB,88,14.3,5.6,14.9,6.3
0D22:18:44.166870000,IBM.N,98,14.9,5.3,13.2,6.9
0D22:18:44.166870000,GE,44,12.7,5.5,13.9,6.4
0D22:18:44.166870000,GW,90,14.6,5.1,14.3,7.8
0D22:18:44.166870000,UL,73,14.8,6.5,11.7,6
0D22:18:49.168496000,BMW,82,14.7,5.6,12.3,7.7
0D22:18:49.168496000,FB,88,14.3,5.6,14.9,6.3
0D22:18:49.168496000,IBM.N,104,14.9,5.3,13.2,6.9
0D22:18:49.168496000,GE,44,12.7,5.5,13.9,6.4
0D22:18:49.168496000,GW,90,14.6,5.1,14.3,7.8
0D22:18:49.168496000,UL,73,14.8,6.5,11.7,6
0D22:18:54.167167000,BMW,82,14.7,5.6,12.3,7.7
0D22:18:54.167167000,FB,88,14.3,5.6,14.9,6.3
0D22:18:54.167167000,IBM.N,119,14.9,5.3,13.2,6.9
0D22:18:54.167167000,GE,44,12.7,5.5,13.9,6.4
0D22:18:54.167167000,GW,90,14.6,5.1,14.3,7.8
0D22:18:54.167167000,UL,73,14.8,6.5,11.7,6
0D22:18:59.167696000,BMW,83,14.7,5.6,12.3,7.7
0D22:18:59.167696000,FB,91,14.3,5.6,14.9,6.3
0D22:18:59.167696000,IBM.N,119,14.9,5.3,13.2,6.9
0D22:18:59.167696000,GE,44,12.7,5.5,13.9,6.4
0D22:18:59.167696000,GW,90,14.6,5.1,14.3,7.8
0D22:18:59.167696000,UL,73,14.8,6.5,11.7,6
0D22:19:04.167362000,BMW,83,14.7,5.6,12.3,7.7
0D22:19:04.167362000,FB,91,14.3,5.6,14.9,6.3
0D22:19:04.167362000,IBM.N,119,14.9,5.3,14.9,6.9
0D22:19:04.167362000,GE,44,12.7,5.5,13.9,6.4
0D22:19:04.167362000,GW,90,14.6,5.1,14.3,7.8
0D22:19:04.167362000,UL,75,14.8,6.5,11.7,6
0D22:19:09.174420000,BMW,85,14.7,5.6,12.3,7.7
0D22:19:09.174420000,FB,91,14.3,5.6,14.9,6.3
0D22:19:09.174420000,IBM.N,120,14.9,5.3,14.9,6.9
0D22:19:09.174420000,GE,44,12.7,5.5,13.9,6.4
0D22:19:09.174420000,GW,90,14.6,5.1,14.3,7.8
0D22:19:09.174420000,UL,75,14.8,6.5,11.7,6
0D22:19:14.167630000,BMW,86,14.7,5.6,12.3,7.7
0D22:19:14.167630000,FB,91,14.3,5.6,14.9,6.3
0D22:19:14.167630000,IBM.N,126,14.9,5.3,14.9,6.9
0D22:19:14.167630000,GE,52,12.7,5.2,13.9,6.4
0D22:19:14.167630000,GW,90,14.6,5.1,14.3,7.8
0D22:19:14.167630000,UL,75,14.8,6.5,11.7,6
0D22:19:19.167635000,BMW,90,14.7,5.2,12.3,7.7
0D22:19:19.167635000,FB,91,14.3,5.6,14.9,6.3
0D22:19:19.167635000,IBM.N,126,14.9,5.3,14.9,6.9
0D22:19:19.167635000,GE,52,12.7,5.2,13.9,6.4
0D22:19:19.167635000,GW,90,14.6,5.1,14.3,7.8
0D22:19:19.167635000,UL,79,14.8,6.5,14.8,6
0D22:19:24.166395000,BMW,90,14.7,5.2,12.3,7.7
0D22:19:24.166395000,FB,91,14.3,5.6,14.9,6.3
0D22:19:24.166395000,IBM.N,135,14.9,5.3,14.9,6.9
0D22:19:24.166395000,GE,52,12.7,5.2,13.9,6.4
0D22:19:24.166395000,GW,90,14.6,5.1,14.3,7.8
0D22:19:24.166395000,UL,86,14.8,6.5,14.8,6
0D22:19:29.167555000,BMW,93,14.7,5.2,12.3,7.7
0D22:19:29.167555000,FB,91,14.3,5.6,14.9,6.3
0D22:19:29.167555000,IBM.N,135,14.9,5.3,14.9,6.9
0D22:19:29.167555000,GE,59,13.5,5.2,13.9,6.4
0D22:19:29.167555000,GW,90,14.6,5.1,14.3,7.8
0D22:19:29.167555000,UL,86,14.8,6.5,14.8,6
0D22:19:34.175747000,BMW,93,14.7,5.2,12.3,7.7
0D22:19:34.175747000,FB,91,14.3,5.6,14.9,6.3
0D22:19:34.175747000,IBM.N,135,14.9,5.3,14.9,6.9
0D22:19:34.175747000,GE,59,13.5,5.2,13.9,6.4
0D22:19:34.175747000,GW,90,14.6,5.1,14.3,7.8
0D22:19:34.175747000,UL,93,14.8,6.5,14.8,6
0D22:19:39.167783000,BMW,93,14.7,5.2,12.3,7.7
0D22:19:39.167783000,FB,98,14.3,5.6,14.9,6.3
0D22:19:39.167783000,IBM.N,142,14.9,5.3,14.9,6.9
0D22:19:39.167783000,GE,59,13.5,5.2,13.9,6.4
0D22:19:39.167783000,GW,93,14.6,5.1,14.3,7.8
0D22:19:39.167783000,UL,93,14.8,6.5,14.8,6
0D22:19:44.167372000,BMW,93,14.7,5.2,12.3,7.7
0D22:19:44.167372000,FB,98,14.3,5.6,14.9,6.3
0D22:19:44.167372000,IBM.N,142,14.9,5.3,14.9,6.9
0D22:19:44.167372000,GE,59,13.5,5.2,13.9,6.4
0D22:19:44.167372000,GW,93,14.6,5.1,14.3,7.8
0D22:19:44.167372000,UL,93,14.8,6.5,14.8,6
0D22:19:49.167386000,BMW,93,14.7,5.2,12.3,7.7
0D22:19:49.167386000,FB,106,14.3,5.6,14.9,6.3
0D22:19:49.167386000,IBM.N,142,14.9,5.3,14.9,6.9
0D22:19:49.167386000,GE,59,13.5,5.2,13.9,6.4
0D22:19:49.167386000,GW,100,14.6,5.1,14.3,7.8
0D22:19:49.167386000,UL,100,14.8,6.5,14.8,6
0D22:19:54.167111000,BMW,101,14.7,5.2,12.3,7.7
0D22:19:54.167111000,FB,109,14.3,5.6,14.9,6.3
0D22:19:54.167111000,IBM.N,147,14.9,5.3,14.9,6.9
0D22:19:54.167111000,GE,68,13.5,5.2,13.9,6.4
0D22:19:54.167111000,GW,100,14.6,5.1,14.3,7.8
0D22:19:54.167111000,UL,100,14.8,6.5,14.8,6
0D22:19:59.167119000,BMW,101,14.7,5.2,12.3,7.7
0D22:19:59.167119000,FB,109,14.3,5.6,14.9,6.3
0D22:19:59.167119000,IBM.N,147,14.9,5.3,14.9,6.9
0D22:19:59.167119000,GE,68,13.5,5.2,13.9,6.4
0D22:19:59.167119000,GW,100,14.6,5.1,14.3,7.8
0D22:19:59.167119000,UL,100,14.8,6.5,14.8,6
0D22:20:04.167313000,BMW,103,14.7,5.2,12.3,7.7
0D22:20:04.167313000,FB,111,14.3,5.6,14.9,6.3
0D22:20:04.167313000,IBM.N,147,14.9,5.3,14.9,6.9
0D22:20:04.167313000,GE,68,13.5,5.2,13.9,6.4
0D22:20:04.167313000,GW,100,14.6,5.1,14.3,7.8
0D22:20:04.167313000,UL,106,14.8,6.1,14.8,6
0D22:20:09.167006000,BMW,111,14.7,5.2,12.3,7.7
0D22:20:09.167006000,FB,111,14.3,5.6,14.9,6.3
0D22:20:09.167006000,IBM.N,147,14.9,5.3,14.9,6.9
0D22:20:09.167006000,GE,68,13.5,5.2,13.9,6.4
0D22:20:09.167006000,GW,108,14.6,5.1,14.3,7.8
0D22:20:09.167006000,UL,106,14.8,6.1,14.8,6
0D22:20:14.167600000,BMW,118,14.7,5.2,12.3,7.7
0D22:20:14.167600000,FB,117,14.7,5.6,14.9,6.3
0D22:20:14.167600000,IBM.N,147,14.9,5.3,14.9,6.9
0D22:20:14.167600000,GE,68,13.5,5.2,13.9,6.4
0D22:20:14.167600000,GW,119,14.6,5.1,14.3,7.8
0D22:20:14.167600000,UL,106,14.8,6.1,14.8,6
0D22:20:19.167603000,BMW,118,14.7,5.2,12.3,7.7
0D22:20:19.167603000,FB,123,14.7,5.6,14.9,6.3
0D22:20:19.167603000,IBM.N,147,14.9,5.3,14.9,6.9
0D22:20:19.167603000,GE,68,13.5,5.2,13.9,6.4
0D22:20:19.167603000,GW,125,14.6,5.1,14.3,7.8
0D22:20:19.167603000,UL,106,14.8,6.1,14.8,6
0D22:20:24.166352000,BMW,122,14.7,5.2,12.3,7.7
0D22:20:24.166352000,FB,123,14.7,5.6,14.9,6.3
0D22:20:24.166352000,IBM.N,147,14.9,5.3,14.9,6.9
0D22:20:24.166352000,GE,68,13.5,5.2,13.9,6.4
0D22:20:24.166352000,GW,126,14.6,5.1,14.3,7.8
0D22:20:24.166352000,UL,106,14.8,6.1,14.8,6
0D22:20:29.166554000,BMW,122,14.7,5.2,12.3,7.7
0D22:20:29.166554000,FB,123,14.7,5.6,14.9,6.3
0D22:20:29.166554000,IBM.N,152,14.9,5.3,14.9,6.9
0D22:20:29.166554000,GE,68,13.5,5.2,13.9,6.4
0D22:20:29.166554000,GW,132,14.6,5.1,14.3,7.8
0D22:20:29.166554000,UL,106,14.8,6.1,14.8,6
0D22:20:34.166584000,BMW,122,14.7,5.2,12.3,7.7
0D22:20:34.166584000,FB,123,14.7,5.6,14.9,6.3
0D22:20:34.166584000,IBM.N,152,14.9,5.3,14.9,5.2
0D22:20:34.166584000,GE,68,13.5,5.2,13.9,6.4
0D22:20:34.166584000,GW,132,14.6,5.1,14.3,7.8
0D22:20:34.166584000,UL,106,14.8,6.1,14.8,6
0D22:20:39.166578000,BMW,122,14.7,5.2,12.3,7.7
0D22:20:39.166578000,FB,123,14.7,5.6,14.9,6.3
0D22:20:39.166578000,IBM.N,152,14.9,5.3,14.9,5.2
0D22:20:39.166578000,GE,68,13.5,5.2,13.9,6.4
0D22:20:39.166578000,GW,132,14.6,5.1,14.3,7.8
0D22:20:39.166578000,UL,106,14.8,6.1,14.8,6
0D22:20:44.166485000,BMW,122,14.7,5.2,12.3,5.2
0D22:20:44.166485000,FB,123,14.7,5.6,14.9,6.3
0D22:20:44.166485000,IBM.N,153,14.9,5.3,14.9,5.2
0D22:20:44.166485000,GE,68,13.5,5.2,13.9,6.4
0D22:20:44.166485000,GW,136,14.6,5.1,14.3,7.8
0D22:20:44.166485000,UL,106,14.8,6.1,14.8,6
0D22:20:49.167306000,BMW,122,14.7,5.2,12.3,5.2
0D22:20:49.167306000,FB,123,14.7,5.6,14.9,6.3
0D22:20:49.167306000,IBM.N,153,14.9,5.3,14.9,5.2
0D22:20:49.167306000,GE,70,13.5,5.2,13.9,6.4
0D22:20:49.167306000,GW,136,14.6,5.1,14.3,7.8
0D22:20:49.167306000,UL,106,14.8,6.1,14.8,6
0D22:20:54.167561000,BMW,128,14.7,5.2,12.3,5.2
0D22:20:54.167561000,FB,132,14.7,5.6,14.9,6.3
0D22:20:54.167561000,IBM.N,153,14.9,5.3,14.9,5.2
0D22:20:54.167561000,GE,70,13.5,5.2,13.9,6.4
0D22:20:54.167561000,GW,145,14.6,5.1,14.3,7.8
0D22:20:54.167561000,UL,109,14.8,6.1,14.8,6
0D22:20:59.167714000,BMW,128,14.7,5.2,12.3,5.2
0D22:20:59.167714000,FB,132,14.7,5.6,14.9,6.3
0D22:20:59.167714000,IBM.N,153,14.9,5.3,14.9,5.2
0D22:20:59.167714000,GE,70,13.5,5.2,13.9,6.4
0D22:20:59.167714000,GW,145,14.6,5.1,14.3,7.8
0D22:20:59.167714000,UL,109,14.8,6.1,14.8,6
0D22:21:04.166154000,BMW,128,14.7,5.2,12.3,5.2
0D22:21:04.166154000,FB,146,14.7,5.6,14.9,6.3
0D22:21:04.166154000,IBM.N,153,14.9,5.3,14.9,5.2
0D22:21:04.166154000,GE,70,13.5,5.2,13.9,6.4
0D22:21:04.166154000,GW,145,14.6,5.1,14.3,7.8
0D22:21:04.166154000,UL,115,14.8,6.1,14.8,6
0D22:21:09.166661000,BMW,128,14.7,5.2,12.3,5.2
0D22:21:09.166661000,FB,155,14.7,5.6,14.9,6.3
0D22:21:09.166661000,IBM.N,154,14.9,5.3,14.9,5.2
0D22:21:09.166661000,GE,73,13.5,5.2,13.9,6.4
0D22:21:09.166661000,GW,145,14.6,5.1,14.3,7.8
0D22:21:09.166661000,UL,118,14.8,6.1,14.8,6
0D22:21:14.165924000,BMW,128,14.7,5.2,12.3,5.2
0D22:21:14.165924000,FB,155,14.7,5.6,14.9,6.3
0D22:21:14.165924000,IBM.N,154,14.9,5.3,14.9,5.2
0D22:21:14.165924000,GE,73,13.5,5.2,13.9,6.4
0D22:21:14.165924000,GW,146,14.6,5.1,14.3,7.8
0D22:21:14.165924000,UL,127,14.8,6.1,14.8,6
0D22:21:19.167685000,BMW,128,14.7,5.2,12.3,5.2
0D22:21:19.167685000,FB,159,14.7,5.6,14.9,6.3
0D22:21:19.167685000,IBM.N,154,14.9,5.3,14.9,5.2
0D22:21:19.167685000,GE,73,13.5,5.2,13.9,6.4
0D22:21:19.167685000,GW,148,14.6,5.1,14.3,7.8
0D22:21:19.167685000,UL,127,14.8,6.1,14.8,6
0D22:21:24.166303000,BMW,128,14.7,5.2,12.3,5.2
0D22:21:24.166303000,FB,159,14.7,5.6,14.9,6.3
0D22:21:24.166303000,IBM.N,154,14.9,5.3,14.9,5.2
0D22:21:24.166303000,GE,73,13.5,5.2,13.9,6.4
0D22:21:24.166303000,GW,151,14.6,5.1,14.7,7.8
0D22:21:24.166303000,UL,127,14.8,6.1,14.8,6
0D22:21:29.167190000,BMW,134,14.7,5.2,12.3,5.2
0D22:21:29.167190000,FB,163,14.7,5.6,14.9,6.3
0D22:21:29.167190000,IBM.N,166,14.9,5.3,14.9,5.2
0D22:21:29.167190000,GE,73,13.5,5.2,13.9,6.4
0D22:21:29.167190000,GW,151,14.6,5.1,14.7,7.8
0D22:21:29.167190000,UL,127,14.8,6.1,14.8,6
0D22:21:34.167531000,BMW,134,14.7,5.2,12.3,5.2
0D22:21:34.167531000,FB,163,14.7,5.6,14.9,6.3
0D22:21:34.167531000,IBM.N,169,14.9,5.3,14.9,5.2
0D22:21:34.167531000,GE,73,13.5,5.2,13.9,6.4
0D22:21:34.167531000,GW,156,14.6,5.1,14.7,7.8
0D22:21:34.167531000,UL,127,14.8,6.1,14.8,6
0D22:21:39.167652000,BMW,139,14.7,5.2,12.3,5.2
0D22:21:39.167652000,FB,163,14.7,5.6,14.9,6.3
0D22:21:39.167652000,IBM.N,169,14.9,5.3,14.9,5.2
0D22:21:39.167652000,GE,73,13.5,5.2,13.9,6.4
0D22:21:39.167652000,GW,163,14.6,5.1,14.7,7.8
0D22:21:39.167652000,UL,127,14.8,6.1,14.8,6
0D22:21:44.167300000,BMW,139,14.7,5.2,12.3,5.2
0D22:21:44.167300000,FB,163,14.7,5.6,14.9,6.3
0D22:21:44.167300000,IBM.N,169,14.9,5.3,14.9,5.2
0D22:21:44.167300000,GE,74,13.5,5.2,13.9,6.4
0D22:21:44.167300000,GW,163,14.6,5.1,14.7,7.8
0D22:21:44.167300000,UL,134,14.8,6.1,14.8,5.3
0D22:21:49.167478000,BMW,148,14.7,5.2,12.3,5.2
0D22:21:49.167478000,FB,163,14.7,5.6,14.9,6.3
0D22:21:49.167478000,IBM.N,169,14.9,5.3,14.9,5.2
0D22:21:49.167478000,GE,78,13.5,5.2,13.9,6.4
0D22:21:49.167478000,GW,163,14.6,5.1,14.7,7.2
0D22:21:49.167478000,UL,134,14.8,6.1,14.8,5.3
0D22:21:54.167549000,BMW,151,14.7,5.2,12.3,5.2
0D22:21:54.167549000,FB,163,14.7,5.6,14.9,6.3
0D22:21:54.167549000,IBM.N,169,14.9,5.3,14.9,5.2
0D22:21:54.167549000,GE,85,13.5,5.2,13.9,6.4
0D22:21:54.167549000,GW,163,14.6,5.1,14.7,7.2
0D22:21:54.167549000,UL,134,14.8,6.1,14.8,5.3
0D22:21:59.167157000,BMW,151,14.7,5.2,12.3,5.2
0D22:21:59.167157000,FB,170,14.7,5.6,14.9,6.3
0D22:21:59.167157000,IBM.N,177,14.9,5.3,14.9,5.2
0D22:21:59.167157000,GE,87,14,5.2,13.9,6.4
0D22:21:59.167157000,GW,163,14.6,5.1,14.7,7.2
0D22:21:59.167157000,UL,134,14.8,6.1,14.8,5.3
0D22:22:04.165820000,BMW,151,14.7,5.2,12.3,5.2
0D22:22:04.165820000,FB,170,14.7,5.6,14.9,6.3
0D22:22:04.165820000,IBM.N,177,14.9,5.3,14.9,5.2
0D22:22:04.165820000,GE,87,14,5.2,13.9,6.4
0D22:22:04.165820000,GW,173,14.6,5.1,14.7,7.2
0D22:22:04.165820000,UL,134,14.8,6.1,14.8,5.3
0D22:22:09.166660000,BMW,151,14.7,5.2,12.3,5.2
0D22:22:09.166660000,FB,170,14.7,5.6,14.9,6.3
0D22:22:09.166660000,IBM.N,184,14.9,5.3,14.9,5.2
0D22:22:09.166660000,GE,87,14,5.2,13.9,6.4
0D22:22:09.166660000,GW,174,14.6,5.1,14.7,7.2
0D22:22:09.166660000,UL,134,14.8,6.1,14.8,5.3
0D22:22:14.167361000,BMW,159,14.7,5.2,12.3,5.2
0D22:22:14.167361000,FB,170,14.7,5.6,14.9,6.3
0D22:22:14.167361000,IBM.N,184,14.9,5.3,14.9,5.2
0D22:22:14.167361000,GE,87,14,5.2,13.9,6.4
0D22:22:14.167361000,GW,174,14.6,5.1,14.7,7.2
0D22:22:14.167361000,UL,134,14.8,6.1,14.8,5.3
0D22:22:19.167433000,BMW,159,14.7,5.2,12.3,5.2
0D22:22:19.167433000,FB,176,14.7,5.6,14.9,6.3
0D22:22:19.167433000,IBM.N,184,14.9,5.3,14.9,5.2
0D22:22:19.167433000,GE,87,14,5.2,13.9,6.4
0D22:22:19.167433000,GW,183,14.6,5.1,14.7,7.2
0D22:22:19.167433000,UL,134,14.8,6.1,14.8,5.3
0D22:22:24.166276000,BMW,159,14.7,5.2,12.3,5.2
0D22:22:24.166276000,FB,191,14.7,5.6,14.9,6.3
0D22:22:24.166276000,IBM.N,184,14.9,5.3,14.9,5.2
0D22:22:24.166276000,GE,87,14,5.2,13.9,6.4
0D22:22:24.166276000,GW,191,14.6,5.1,14.7,7.2
0D22:22:24.166276000,UL,134,14.8,6.1,14.8,5.3
0D22:22:29.167391000,BMW,159,14.7,5.2,12.3,5.2
0D22:22:29.167391000,FB,191,14.7,5.6,14.9,6.3
0D22:22:29.167391000,IBM.N,184,14.9,5.3,14.9,5.2
0D22:22:29.167391000,GE,87,14,5.2,13.9,6.4
0D22:22:29.167391000,GW,191,14.6,5.1,14.8,7.2
0D22:22:29.167391000,UL,134,14.8,6.1,14.8,5.3
0D22:22:34.167456000,BMW,159,14.7,5.2,12.3,5.2
0D22:22:34.167456000,FB,197,14.7,5.6,14.9,6.3
0D22:22:34.167456000,IBM.N,189,14.9,5.3,14.9,5.2
0D22:22:34.167456000,GE,87,14,5.2,13.9,6.4
0D22:22:34.167456000,GW,191,14.6,5.1,14.8,7.2
0D22:22:34.167456000,UL,134,14.8,6.1,14.8,5.3
0D22:22:39.167528000,BMW,170,14.7,5.2,12.3,5.2
0D22:22:39.167528000,FB,197,14.7,5.6,14.9,6.3
0D22:22:39.167528000,IBM.N,189,14.9,5.3,14.9,5.2
0D22:22:39.167528000,GE,87,14,5.2,13.9,6.4
0D22:22:39.167528000,GW,191,14.6,5.1,14.8,7.2
0D22:22:39.167528000,UL,134,14.8,6.1,14.8,5.3
0D22:22:44.167266000,BMW,170,14.7,5.2,12.3,5.2
0D22:22:44.167266000,FB,197,14.7,5.6,14.9,6.3
0D22:22:44.167266000,IBM.N,189,14.9,5.3,14.9,5.2
0D22:22:44.167266000,GE,99,14.1,5.2,13.9,6.4
0D22:22:44.167266000,GW,191,14.6,5.1,14.8,7.2
0D22:22:44.167266000,UL,140,14.8,6.1,14.8,5.3
0D22:22:49.166444000,BMW,170,14.7,5.2,12.3,5.2
0D22:22:49.166444000,FB,209,14.7,5.6,14.9,6.3
0D22:22:49.166444000,IBM.N,189,14.9,5.3,14.9,5.2
0D22:22:49.166444000,GE,99,14.1,5.2,13.9,6.4
0D22:22:49.166444000,GW,198,14.6,5.1,14.8,7.2
0D22:22:49.166444000,UL,140,14.8,6.1,14.8,5.3
0D22:22:54.167457000,BMW,170,14.7,5.2,12.3,5.2
0D22:22:54.167457000,FB,209,14.7,5.6,14.9,6.3
0D22:22:54.167457000,IBM.N,189,14.9,5.3,14.9,5.2
0D22:22:54.167457000,GE,99,14.1,5.2,13.9,6.4
0D22:22:54.167457000,GW,198,14.6,5.1,14.8,7.2
0D22:22:54.167457000,UL,140,14.8,6.1,14.8,5.3
0D22:22:59.167604000,BMW,170,14.7,5.2,14.2,5.2
0D22:22:59.167604000,FB,220,14.7,5.6,14.9,6.3
0D22:22:59.167604000,IBM.N,189,14.9,5.3,14.9,5.2
0D22:22:59.167604000,GE,99,14.1,5.2,13.9,6.4
0D22:22:59.167604000,GW,198,14.6,5.1,14.8,7.2
0D22:22:59.167604000,UL,140,14.8,6.1,14.8,5.3
0D22:23:04.167246000,BMW,170,14.7,5.2,14.7,5.2
0D22:23:04.167246000,FB,229,14.7,5.6,14.9,6.3
0D22:23:04.167246000,IBM.N,192,14.9,5.3,14.9,5.2
0D22:23:04.167246000,GE,99,14.1,5.2,13.9,6.4
0D22:23:04.167246000,GW,198,14.6,5.1,14.8,7.2
0D22:23:04.167246000,UL,140,14.8,6.1,14.8,5.3
0D22:23:09.166491000,BMW,170,14.7,5.2,14.7,5.2
0D22:23:09.166491000,FB,229,14.7,5.6,14.9,6.3
0D22:23:09.166491000,IBM.N,199,14.9,5.3,14.9,5.2
0D22:23:09.166491000,GE,99,14.1,5.2,13.9,6.4
0D22:23:09.166491000,GW,198,14.6,5.1,14.8,7.2
0D22:23:09.166491000,UL,142,14.8,5.3,14.8,5.3
0D22:23:14.167554000,BMW,170,14.7,5.2,14.7,5.2
0D22:23:14.167554000,FB,236,14.7,5.6,14.9,6.3
0D22:23:14.167554000,IBM.N,199,14.9,5.3,14.9,5.2
0D22:23:14.167554000,GE,99,14.1,5.2,13.9,6.4
0D22:23:14.167554000,GW,201,14.6,5.1,14.8,7.2
0D22:23:14.167554000,UL,142,14.8,5.3,14.8,5.3
0D22:23:19.167573000,BMW,174,14.7,5.2,14.7,5.2
0D22:23:19.167573000,FB,236,14.7,5.6,14.9,6.3
0D22:23:19.167573000,IBM.N,199,14.9,5.3,14.9,5.2
0D22:23:19.167573000,GE,106,14.1,5.2,13.9,6.4
0D22:23:19.167573000,GW,203,14.6,5.1,14.8,7.2
0D22:23:19.167573000,UL,142,14.8,5.3,14.8,5.3
0D22:23:24.166840000,BMW,174,14.7,5.2,14.7,5.2
0D22:23:24.166840000,FB,236,14.7,5.6,14.9,6.3
0D22:23:24.166840000,IBM.N,206,14.9,5.2,14.9,5.2
0D22:23:24.166840000,GE,111,14.1,5.2,13.9,6.4
0D22:23:24.166840000,GW,203,14.6,5.1,14.8,7.2
0D22:23:24.166840000,UL,142,14.8,5.3,14.8,5.3
0D22:23:29.167369000,BMW,174,14.7,5.2,14.7,5.2
0D22:23:29.167369000,FB,239,14.7,5.6,14.9,6.3
0D22:23:29.167369000,IBM.N,213,14.9,5.2,14.9,5.2
0D22:23:29.167369000,GE,111,14.1,5.2,13.9,6.4
0D22:23:29.167369000,GW,203,14.6,5.1,14.8,6.6
0D22:23:29.167369000,UL,142,14.8,5.3,14.8,5.3
0D22:23:34.167421000,BMW,174,14.7,5.2,14.7,5.2
0D22:23:34.167421000,FB,242,14.7,5.6,14.9,6.3
0D22:23:34.167421000,IBM.N,221,14.9,5.2,14.9,5.2
0D22:23:34.167421000,GE,111,14.1,5.2,13.9,6.4
0D22:23:34.167421000,GW,203,14.6,5.1,14.8,6.6
0D22:23:34.167421000,UL,142,14.8,5.3,14.8,5.3
0D22:23:39.172983000,BMW,174,14.7,5.2,14.7,5.2
0D22:23:39.172983000,FB,242,14.7,5.6,14.9,6.3
0D22:23:39.172983000,IBM.N,228,14.9,5.2,14.9,5.2
0D22:23:39.172983000,GE,111,14.1,5.2,13.9,6.4
0D22:23:39.172983000,GW,215,14.6,5.1,14.8,6.6
0D22:23:39.172983000,UL,142,14.8,5.3,14.8,5.3
0D22:23:44.167753000,BMW,174,14.7,5.2,14.7,5.2
0D22:23:44.167753000,FB,250,14.9,5.6,14.9,6.3
0D22:23:44.167753000,IBM.N,228,14.9,5.2,14.9,5.2
0D22:23:44.167753000,GE,113,14.1,5.2,13.9,6.4
0D22:23:44.167753000,GW,215,14.6,5.1,14.8,6.6
0D22:23:44.167753000,UL,142,14.8,5.3,14.8,5.3
0D22:23:49.167853000,BMW,174,14.7,5.2,14.7,5.2
0D22:23:49.167853000,FB,259,14.9,5.6,14.9,6.3
0D22:23:49.167853000,IBM.N,228,14.9,5.2,14.9,5.2
0D22:23:49.167853000,GE,113,14.1,5.2,13.9,6.4
0D22:23:49.167853000,GW,220,14.6,5.1,14.8,6.6
0D22:23:49.167853000,UL,142,14.8,5.3,14.8,5.3
0D22:23:54.167438000,BMW,177,14.7,5.2,14.7,5.2
0D22:23:54.167438000,FB,259,14.9,5.6,14.9,6.3
0D22:23:54.167438000,IBM.N,228,14.9,5.2,14.9,5.2
0D22:23:54.167438000,GE,121,14.1,5.2,13.9,6.4
0D22:23:54.167438000,GW,220,14.6,5.1,14.8,5.5
0D22:23:54.167438000,UL,142,14.8,5.3,14.8,5.3
0D22:23:59.167574000,BMW,177,14.7,5.2,14.7,5.2
0D22:23:59.167574000,FB,259,14.9,5.3,14.9,6.3
0D22:23:59.167574000,IBM.N,231,14.9,5.2,14.9,5.2
0D22:23:59.167574000,GE,121,14.1,5.2,13.9,6.4
0D22:23:59.167574000,GW,225,14.6,5.1,14.8,5.5
0D22:23:59.167574000,UL,142,14.8,5.3,14.8,5.3
0D22:24:04.167555000,BMW,177,14.7,5.2,14.7,5.2
0D22:24:04.167555000,FB,261,14.9,5.3,14.9,6.3
0D22:24:04.167555000,IBM.N,231,14.9,5.2,14.9,5.2
0D22:24:04.167555000,GE,123,14.1,5.2,13.9,6.4
0D22:24:04.167555000,GW,225,14.6,5.1,14.8,5.5
0D22:24:04.167555000,UL,142,14.8,5.3,14.8,5.3
0D22:24:09.167194000,BMW,177,14.7,5.2,14.7,5.2
0D22:24:09.167194000,FB,261,14.9,5.3,14.9,6.3
0D22:24:09.167194000,IBM.N,235,14.9,5.2,14.9,5.2
0D22:24:09.167194000,GE,129,14.1,5.2,13.9,6.4
0D22:24:09.167194000,GW,225,14.6,5.1,14.8,5.5
0D22:24:09.167194000,UL,143,14.8,5.3,14.8,5.3
0D22:24:14.166089000,BMW,180,14.7,5.2,14.7,5.2
0D22:24:14.166089000,FB,270,14.9,5.3,14.9,6.3
0D22:24:14.166089000,IBM.N,235,14.9,5.2,14.9,5.2
0D22:24:14.166089000,GE,129,14.1,5.2,13.9,6.4
0D22:24:14.166089000,GW,225,14.6,5.1,14.8,5.5
0D22:24:14.166089000,UL,143,14.8,5.3,14.8,5.3
0D22:24:19.167527000,BMW,189,14.7,5.2,14.7,5.2
0D22:24:19.167527000,FB,270,14.9,5.3,14.9,6.3
0D22:24:19.167527000,IBM.N,235,14.9,5.2,14.9,5.2
0D22:24:19.167527000,GE,129,14.1,5.2,13.9,6.4
0D22:24:19.167527000,GW,225,14.6,5.1,14.8,5.5
0D22:24:19.167527000,UL,146,14.8,5.3,14.8,5.3
0D22:24:24.166685000,BMW,189,14.7,5.2,14.7,5.2
0D22:24:24.166685000,FB,279,14.9,5.3,14.9,6.3
0D22:24:24.166685000,IBM.N,235,14.9,5.2,14.9,5.2
0D22:24:24.166685000,GE,129,14.1,5.2,13.9,6.4
0D22:24:24.166685000,GW,225,14.6,5.1,14.8,5.5
0D22:24:24.166685000,UL,146,14.8,5.3,14.8,5.3
0D22:24:29.167652000,BMW,189,14.7,5.2,14.7,5.2
0D22:24:29.167652000,FB,279,14.9,5.3,14.9,6.3
0D22:24:29.167652000,IBM.N,235,14.9,5.2,14.9,5.2
0D22:24:29.167652000,GE,129,14.1,5.2,13.9,6.4
0D22:24:29.167652000,GW,225,14.6,5.1,14.8,5.5
0D22:24:29.167652000,UL,146,14.8,5.3,14.8,5.3
0D22:24:34.166731000,BMW,189,14.7,5.2,14.7,5.2
0D22:24:34.166731000,FB,279,14.9,5.3,14.9,6.3
0D22:24:34.166731000,IBM.N,235,14.9,5.2,14.9,5.2
0D22:24:34.166731000,GE,129,14.1,5.2,13.9,6.4
0D22:24:34.166731000,GW,225,14.6,5.1,14.8,5.5
0D22:24:34.166731000,UL,146,14.8,5.3,14.8,5.3
0D22:24:39.167443000,BMW,189,14.7,5.2,14.7,5.2
0D22:24:39.167443000,FB,287,14.9,5.3,14.9,6.3
0D22:24:39.167443000,IBM.N,235,14.9,5.2,14.9,5.2
0D22:24:39.167443000,GE,129,14.1,5.2,13.9,5.1
0D22:24:39.167443000,GW,232,14.6,5.1,14.8,5.5
0D22:24:39.167443000,UL,146,14.8,5.3,14.8,5.3
0D22:24:44.167653000,BMW,192,14.7,5.2,14.7,5.2
0D22:24:44.167653000,FB,287,14.9,5.3,14.9,6.3
0D22:24:44.167653000,IBM.N,235,14.9,5.2,14.9,5.2
0D22:24:44.167653000,GE,134,14.1,5.2,13.9,5.1
0D22:24:44.167653000,GW,232,14.6,5.1,14.8,5.5
0D22:24:44.167653000,UL,151,14.8,5.3,14.8,5.3
0D22:24:49.167749000,BMW,195,14.7,5.2,14.7,5.2
0D22:24:49.167749000,FB,287,14.9,5.3,14.9,6.3
0D22:24:49.167749000,IBM.N,235,14.9,5.2,14.9,5.2
0D22:24:49.167749000,GE,138,14.1,5.2,13.9,5.1
0D22:24:49.167749000,GW,232,14.6,5.1,14.8,5.5
0D22:24:49.167749000,UL,151,14.8,5.3,14.8,5.3
0D22:24:54.167399000,BMW,195,14.7,5.2,14.7,5.2
0D22:24:54.167399000,FB,287,14.9,5.3,14.9,6.3
0D22:24:54.167399000,IBM.N,235,14.9,5.2,14.9,5.2
0D22:24:54.167399000,GE,144,14.1,5.2,13.9,5.1
0D22:24:54.167399000,GW,232,14.6,5.1,14.8,5.5
0D22:24:54.167399000,UL,155,14.8,5.3,14.8,5.3
0D22:24:59.167565000,BMW,195,14.7,5.2,14.7,5.2
0D22:24:59.167565000,FB,287,14.9,5.3,14.9,6.3
0D22:24:59.167565000,IBM.N,237,14.9,5.2,14.9,5.2
0D22:24:59.167565000,GE,144,14.1,5.2,13.9,5.1
0D22:24:59.167565000,GW,238,14.6,5.1,14.8,5.5
0D22:24:59.167565000,UL,155,14.8,5.3,14.8,5.3
0D22:25:04.167593000,BMW,195,14.7,5.2,14.7,5.2
0D22:25:04.167593000,FB,287,14.9,5.3,14.9,6.3
0D22:25:04.167593000,IBM.N,237,14.9,5.2,14.9,5.2
0D22:25:04.167593000,GE,144,14.1,5.2,13.9,5.1
0D22:25:04.167593000,GW,245,14.6,5.1,14.8,5.5
0D22:25:04.167593000,UL,155,14.8,5.3,14.8,5.3
0D22:25:09.167763000,BMW,195,14.7,5.2,14.7,5.2
0D22:25:09.167763000,FB,294,14.9,5.3,14.9,6.3
0D22:25:09.167763000,IBM.N,237,14.9,5.2,14.9,5.2
0D22:25:09.167763000,GE,144,14.1,5.2,13.9,5.1
0D22:25:09.167763000,GW,245,14.6,5.1,14.8,5.5
0D22:25:09.167763000,UL,156,14.8,5.3,14.8,5.3
0D22:25:14.167370000,BMW,195,14.7,5.2,14.7,5.2
0D22:25:14.167370000,FB,294,14.9,5.3,14.9,6.3
0D22:25:14.167370000,IBM.N,237,14.9,5.2,14.9,5.2
0D22:25:14.167370000,GE,144,14.1,5.2,13.9,5.1
0D22:25:14.167370000,GW,245,14.6,5.1,14.8,5.5
0D22:25:14.167370000,UL,156,14.8,5.3,14.8,5.3
0D22:25:19.167524000,BMW,195,14.7,5.2,14.7,5.2
0D22:25:19.167524000,FB,294,14.9,5.3,14.9,6.3
0D22:25:19.167524000,IBM.N,242,14.9,5.2,14.9,5.2
0D22:25:19.167524000,GE,147,14.1,5.2,13.9,5.1
0D22:25:19.167524000,GW,245,14.6,5.1,14.8,5.5
0D22:25:19.167524000,UL,157,14.8,5.3,14.8,5.3
0D22:25:24.166655000,BMW,195,14.7,5.2,14.7,5.2
0D22:25:24.166655000,FB,298,14.9,5.3,14.9,6.3
0D22:25:24.166655000,IBM.N,249,14.9,5.2,14.9,5.2
0D22:25:24.166655000,GE,147,14.1,5.2,13.9,5.1
0D22:25:24.166655000,GW,254,14.6,5.1,14.8,5.5
0D22:25:24.166655000,UL,157,14.8,5.3,14.8,5.3
0D22:25:29.167938000,BMW,195,14.7,5.2,14.7,5.2
0D22:25:29.167938000,FB,309,14.9,5.3,14.9,6.3
0D22:25:29.167938000,IBM.N,249,14.9,5.2,14.9,5.2
0D22:25:29.167938000,GE,150,14.1,5.2,13.9,5.1
0D22:25:29.167938000,GW,256,14.6,5.1,14.8,5.5
0D22:25:29.167938000,UL,157,14.8,5.3,14.8,5.3
0D22:25:34.166484000,BMW,195,14.7,5.2,14.7,5.2
0D22:25:34.166484000,FB,309,14.9,5.3,14.9,6.3
0D22:25:34.166484000,IBM.N,249,14.9,5.2,14.9,5.2
0D22:25:34.166484000,GE,150,14.1,5.2,13.9,5.1
0D22:25:34.166484000,GW,256,14.6,5.1,14.8,5.5
0D22:25:34.166484000,UL,170,14.8,5.3,14.8,5.3
0D22:25:39.167160000,BMW,199,14.7,5.2,14.7,5.2
0D22:25:39.167160000,FB,309,14.9,5.3,14.9,6.3
0D22:25:39.167160000,IBM.N,249,14.9,5.2,14.9,5.2
0D22:25:39.167160000,GE,152,14.1,5.2,13.9,5.1
0D22:25:39.167160000,GW,256,14.6,5.1,14.8,5.5
0D22:25:39.167160000,UL,170,14.8,5.3,14.8,5.3
0D22:25:44.167664000,BMW,201,14.7,5.2,14.7,5.2
0D22:25:44.167664000,FB,309,14.9,5.3,14.9,6.3
0D22:25:44.167664000,IBM.N,249,14.9,5.2,14.9,5.2
0D22:25:44.167664000,GE,152,14.1,5.2,13.9,5.1
0D22:25:44.167664000,GW,256,14.6,5.1,14.8,5.5
0D22:25:44.167664000,UL,170,14.8,5.3,14.8,5.3
0D22:25:49.167145000,BMW,201,14.7,5.2,14.7,5.2
0D22:25:49.167145000,FB,309,14.9,5.3,14.9,6.3
0D22:25:49.167145000,IBM.N,249,14.9,5.2,14.9,5.2
0D22:25:49.167145000,GE,152,14.1,5.2,13.9,5.1
0D22:25:49.167145000,GW,256,14.6,5.1,14.8,5.5
0D22:25:49.167145000,UL,177,14.8,5.3,14.8,5.3
0D22:25:54.167387000,BMW,201,14.7,5.2,14.7,5.2
0D22:25:54.167387000,FB,309,14.9,5.3,14.9,6.3
0D22:25:54.167387000,IBM.N,249,14.9,5.2,14.9,5.2
0D22:25:54.167387000,GE,157,14.1,5.2,13.9,5.1
0D22:25:54.167387000,GW,263,14.6,5.1,14.8,5.5
0D22:25:54.167387000,UL,177,14.8,5.3,14.8,5.3
0D22:25:59.166322000,BMW,201,14.7,5.2,14.7,5.2
0D22:25:59.166322000,FB,309,14.9,5.3,14.9,6.3
0D22:25:59.166322000,IBM.N,249,14.9,5.2,14.9,5.2
0D22:25:59.166322000,GE,165,14.1,5.2,13.9,5.1
0D22:25:59.166322000,GW,263,14.6,5.1,14.8,5.5
0D22:25:59.166322000,UL,182,14.8,5.3,14.8,5.3
0D22:26:04.169669000,BMW,201,14.7,5.2,14.7,5.2
0D22:26:04.169669000,FB,309,14.9,5.3,14.9,6.3
0D22:26:04.169669000,IBM.N,259,14.9,5.2,14.9,5.2
0D22:26:04.169669000,GE,165,14.1,5.2,13.9,5.1
0D22:26:04.169669000,GW,263,14.6,5.1,14.8,5.5
0D22:26:04.169669000,UL,182,14.8,5.3,14.8,5.3
0D22:26:09.166887000,BMW,210,14.7,5.2,14.7,5.2
0D22:26:09.166887000,FB,311,14.9,5.3,14.9,6.3
0D22:26:09.166887000,IBM.N,259,14.9,5.2,14.9,5.2
0D22:26:09.166887000,GE,165,14.1,5.2,13.9,5.1
0D22:26:09.166887000,GW,263,14.6,5.1,14.8,5.5
0D22:26:09.166887000,UL,182,14.8,5.3,14.8,5.3
0D22:26:14.167260000,BMW,214,14.7,5.2,14.7,5.2
0D22:26:14.167260000,FB,314,14.9,5.3,14.9,6.3
0D22:26:14.167260000,IBM.N,265,14.9,5.2,14.9,5.2
0D22:26:14.167260000,GE,165,14.1,5.2,13.9,5.1
0D22:26:14.167260000,GW,263,14.6,5.1,14.8,5.5
0D22:26:14.167260000,UL,182,14.8,5.3,14.9,5.3
0D22:26:19.167558000,BMW,223,14.7,5.2,14.7,5.2
0D22:26:19.167558000,FB,314,14.9,5.3,14.9,6.3
0D22:26:19.167558000,IBM.N,272,14.9,5.2,14.9,5.2
0D22:26:19.167558000,GE,165,14.1,5.2,13.9,5.1
0D22:26:19.167558000,GW,263,14.6,5.1,14.8,5.5
0D22:26:19.167558000,UL,182,14.8,5.3,14.9,5.3
0D22:26:24.166586000,BMW,223,14.7,5.2,14.7,5.2
0D22:26:24.166586000,FB,314,14.9,5.3,14.9,6.3
0D22:26:24.166586000,IBM.N,273,14.9,5.2,14.9,5.2
0D22:26:24.166586000,GE,165,14.1,5.2,13.9,5.1
0D22:26:24.166586000,GW,268,14.6,5.1,14.8,5.5
0D22:26:24.166586000,UL,189,14.8,5.3,14.9,5.3
0D22:26:29.166738000,BMW,223,14.7,5.2,14.7,5.2
0D22:26:29.166738000,FB,314,14.9,5.3,14.9,6.3
0D22:26:29.166738000,IBM.N,273,14.9,5.2,14.9,5.2
0D22:26:29.166738000,GE,168,14.1,5.2,13.9,5.1
0D22:26:29.166738000,GW,268,14.6,5.1,14.8,5.5
0D22:26:29.166738000,UL,195,14.8,5.3,14.9,5.3
0D22:26:34.166911000,BMW,223,14.7,5.2,14.7,5.2
0D22:26:34.166911000,FB,314,14.9,5.3,14.9,6.3
0D22:26:34.166911000,IBM.N,273,14.9,5.2,14.9,5.2
0D22:26:34.166911000,GE,182,14.1,5.2,13.9,5.1
0D22:26:34.166911000,GW,268,14.6,5.1,14.8,5.5
0D22:26:34.166911000,UL,195,14.8,5.3,14.9,5.3
0D22:26:39.167428000,BMW,226,14.7,5.2,14.7,5.2
0D22:26:39.167428000,FB,314,14.9,5.3,14.9,6.3
0D22:26:39.167428000,IBM.N,273,14.9,5.2,14.9,5.2
0D22:26:39.167428000,GE,182,14.1,5.2,13.9,5.1
0D22:26:39.167428000,GW,268,14.6,5.1,14.8,5.5
0D22:26:39.167428000,UL,195,14.8,5.3,14.9,5.3
0D22:26:44.167723000,BMW,226,14.7,5.2,14.7,5.2
0D22:26:44.167723000,FB,319,14.9,5.3,14.9,6.3
0D22:26:44.167723000,IBM.N,273,14.9,5.2,14.9,5.2
0D22:26:44.167723000,GE,182,14.1,5.2,13.9,5.1
0D22:26:44.167723000,GW,277,14.6,5.1,14.8,5.5
0D22:26:44.167723000,UL,195,14.8,5.3,14.9,5.3
0D22:26:49.167048000,BMW,226,14.7,5.2,14.7,5.2
0D22:26:49.167048000,FB,319,14.9,5.3,14.9,6.3
0D22:26:49.167048000,IBM.N,273,14.9,5.2,14.9,5.2
0D22:26:49.167048000,GE,182,14.1,5.2,13.9,5.1
0D22:26:49.167048000,GW,277,14.6,5.1,14.8,5.5
0D22:26:49.167048000,UL,195,14.8,5.3,14.9,5.3
0D22:26:54.166572000,BMW,235,14.7,5.2,14.7,5.2
0D22:26:54.166572000,FB,328,14.9,5.3,14.9,6.3
0D22:26:54.166572000,IBM.N,273,14.9,5.2,14.9,5.2
0D22:26:54.166572000,GE,182,14.1,5.2,13.9,5.1
0D22:26:54.166572000,GW,290,14.7,5.1,14.8,5.5
0D22:26:54.166572000,UL,195,14.8,5.3,14.9,5.3
0D22:26:59.167388000,BMW,235,14.7,5.2,14.7,5.2
0D22:26:59.167388000,FB,338,14.9,5.3,14.9,6.3
0D22:26:59.167388000,IBM.N,273,14.9,5.2,14.9,5.2
0D22:26:59.167388000,GE,182,14.1,5.2,13.9,5.1
0D22:26:59.167388000,GW,290,14.7,5.1,14.8,5.5
0D22:26:59.167388000,UL,200,14.8,5.3,14.9,5.3
0D22:27:04.167475000,BMW,235,14.7,5.2,14.7,5.2
0D22:27:04.167475000,FB,338,14.9,5.3,14.9,6.3
0D22:27:04.167475000,IBM.N,273,14.9,5.2,14.9,5.2
0D22:27:04.167475000,GE,182,14.1,5.2,13.9,5.1
0D22:27:04.167475000,GW,291,14.7,5.1,14.8,5.5
0D22:27:04.167475000,UL,207,14.8,5.3,14.9,5.3
0D22:27:09.167755000,BMW,235,14.7,5.2,14.7,5.2
0D22:27:09.167755000,FB,338,14.9,5.3,14.9,6.3
0D22:27:09.167755000,IBM.N,273,14.9,5.2,14.9,5.2
0D22:27:09.167755000,GE,189,14.1,5.2,13.9,5.1
0D22:27:09.167755000,GW,291,14.7,5.1,14.8,5.5
0D22:27:09.167755000,UL,207,14.8,5.3,14.9,5.3
0D22:27:14.166730000,BMW,235,14.7,5.2,14.7,5.2
0D22:27:14.166730000,FB,338,14.9,5.3,14.9,6.3
0D22:27:14.166730000,IBM.N,273,14.9,5.2,14.9,5.2
0D22:27:14.166730000,GE,189,14.1,5.2,13.9,5.1
0D22:27:14.166730000,GW,297,14.7,5.1,14.8,5.5
0D22:27:14.166730000,UL,207,14.8,5.3,14.9,5.3
0D22:27:19.167402000,BMW,235,14.7,5.2,14.7,5.2
0D22:27:19.167402000,FB,338,14.9,5.3,14.9,6.3
0D22:27:19.167402000,IBM.N,273,14.9,5.2,14.9,5.2
0D22:27:19.167402000,GE,189,14.1,5.2,13.9,5.1
0D22:27:19.167402000,GW,302,14.7,5.1,14.8,5.5
0D22:27:19.167402000,UL,213,14.8,5.3,14.9,5.3
0D22:27:24.166552000,BMW,235,14.7,5.2,14.7,5.2
0D22:27:24.166552000,FB,342,14.9,5.3,14.9,6.3
0D22:27:24.166552000,IBM.N,278,14.9,5.2,14.9,5.2
0D22:27:24.166552000,GE,194,14.1,5.2,13.9,5.1
0D22:27:24.166552000,GW,302,14.7,5.1,14.8,5.5
0D22:27:24.166552000,UL,213,14.8,5.3,14.9,5.3
0D22:27:29.167256000,BMW,235,14.7,5.2,14.7,5.2
0D22:27:29.167256000,FB,342,14.9,5.3,14.9,6.3
0D22:27:29.167256000,IBM.N,278,14.9,5.2,14.9,5.2
0D22:27:29.167256000,GE,194,14.1,5.2,13.9,5.1
0D22:27:29.167256000,GW,302,14.7,5.1,14.8,5.5
0D22:27:29.167256000,UL,222,14.8,5.3,14.9,5.3
0D22:27:34.166890000,BMW,235,14.7,5.2,14.7,5.2
0D22:27:34.166890000,FB,342,14.9,5.3,14.9,6.3
0D22:27:34.166890000,IBM.N,278,14.9,5.2,14.9,5.2
0D22:27:34.166890000,GE,195,14.1,5.2,13.9,5.1
0D22:27:34.166890000,GW,309,14.7,5.1,14.8,5.5
0D22:27:34.166890000,UL,222,14.8,5.3,14.9,5.3
0D22:27:39.166985000,BMW,235,14.7,5.2,14.7,5.2
0D22:27:39.166985000,FB,342,14.9,5.3,14.9,6.3
0D22:27:39.166985000,IBM.N,278,14.9,5.2,14.9,5.2
0D22:27:39.166985000,GE,195,14.1,5.2,13.9,5.1
0D22:27:39.166985000,GW,309,14.7,5.1,14.8,5.5
0D22:27:39.166985000,UL,230,14.8,5.3,14.9,5.3
0D22:27:44.166407000,BMW,235,14.7,5.2,14.7,5.2
0D22:27:44.166407000,FB,352,14.9,5.3,14.9,6.3
0D22:27:44.166407000,IBM.N,278,14.9,5.2,14.9,5.2
0D22:27:44.166407000,GE,195,14.1,5.2,13.9,5.1
0D22:27:44.166407000,GW,309,14.7,5.1,14.8,5.5
0D22:27:44.166407000,UL,230,14.8,5.3,14.9,5.3
0D22:27:49.167677000,BMW,235,14.7,5.2,14.7,5.2
0D22:27:49.167677000,FB,355,14.9,5.3,14.9,6.3
0D22:27:49.167677000,IBM.N,278,14.9,5.2,14.9,5.2
0D22:27:49.167677000,GE,195,14.1,5.2,13.9,5.1
0D22:27:49.167677000,GW,309,14.7,5.1,14.8,5.5
0D22:27:49.167677000,UL,236,14.8,5.3,14.9,5.3
0D22:27:54.167147000,BMW,235,14.7,5.2,14.7,5.2
0D22:27:54.167147000,FB,355,14.9,5.3,14.9,6.3
0D22:27:54.167147000,IBM.N,282,14.9,5.2,14.9,5.2
0D22:27:54.167147000,GE,195,14.1,5.2,13.9,5.1
0D22:27:54.167147000,GW,309,14.7,5.1,14.8,5.5
0D22:27:54.167147000,UL,245,14.8,5.3,14.9,5.3
0D22:27:59.167405000,BMW,235,14.7,5.2,14.7,5.2
0D22:27:59.167405000,FB,355,14.9,5.3,14.9,6.3
0D22:27:59.167405000,IBM.N,282,14.9,5.2,14.9,5.2
0D22:27:59.167405000,GE,195,14.1,5.2,13.9,5.1
0D22:27:59.167405000,GW,309,14.7,5.1,14.8,5.5
0D22:27:59.167405000,UL,245,14.8,5.3,14.9,5.3
0D22:28:04.167531000,BMW,235,14.7,5.2,14.7,5.2
0D22:28:04.167531000,FB,361,14.9,5.3,14.9,6.3
0D22:28:04.167531000,IBM.N,287,14.9,5.2,14.9,5.2
0D22:28:04.167531000,GE,195,14.1,5.2,13.9,5.1
0D22:28:04.167531000,GW,311,14.7,5.1,14.8,5.5
0D22:28:04.167531000,UL,245,14.8,5.3,14.9,5.3
0D22:28:09.167683000,BMW,235,14.7,5.2,14.7,5.2
0D22:28:09.167683000,FB,361,14.9,5.3,14.9,6.3
0D22:28:09.167683000,IBM.N,287,14.9,5.2,14.9,5.2
0D22:28:09.167683000,GE,198,14.1,5.2,13.9,5.1
0D22:28:09.167683000,GW,315,14.7,5.1,14.8,5.5
0D22:28:09.167683000,UL,245,14.8,5.3,14.9,5.3
0D22:28:14.167705000,BMW,235,14.7,5.2,14.7,5.2
0D22:28:14.167705000,FB,361,14.9,5.3,14.9,6.3
0D22:28:14.167705000,IBM.N,287,14.9,5.2,14.9,5.2
0D22:28:14.167705000,GE,198,14.1,5.2,13.9,5.1
0D22:28:14.167705000,GW,324,14.7,5.1,14.8,5.5
0D22:28:14.167705000,UL,245,14.8,5.3,14.9,5.3
0D22:28:19.167325000,BMW,235,14.7,5.2,14.7,5.2
0D22:28:19.167325000,FB,366,14.9,5.3,14.9,6.3
0D22:28:19.167325000,IBM.N,287,14.9,5.2,14.9,5.2
0D22:28:19.167325000,GE,198,14.1,5.2,13.9,5.1
0D22:28:19.167325000,GW,324,14.7,5.1,14.8,5.5
0D22:28:19.167325000,UL,245,14.8,5.3,14.9,5.3
0D22:28:24.166523000,BMW,235,14.7,5.2,14.7,5.2
0D22:28:24.166523000,FB,366,14.9,5.3,14.9,6.3
0D22:28:24.166523000,IBM.N,287,14.9,5.2,14.9,5.2
0D22:28:24.166523000,GE,198,14.1,5.2,13.9,5.1
0D22:28:24.166523000,GW,333,14.7,5.1,14.8,5.5
0D22:28:24.166523000,UL,245,14.8,5.3,14.9,5.3
0D22:28:29.167709000,BMW,235,14.7,5.2,14.7,5.2
0D22:28:29.167709000,FB,371,14.9,5.1,14.9,6.3
0D22:28:29.167709000,IBM.N,287,14.9,5.2,14.9,5.2
0D22:28:29.167709000,GE,203,14.7,5.2,13.9,5.1
0D22:28:29.167709000,GW,333,14.7,5.1,14.8,5.5
0D22:28:29.167709000,UL,250,14.8,5.3,14.9,5.3
0D22:28:34.166655000,BMW,235,14.7,5.2,14.7,5.2
0D22:28:34.166655000,FB,371,14.9,5.1,14.9,6.3
0D22:28:34.166655000,IBM.N,287,14.9,5.2,14.9,5.2
0D22:28:34.166655000,GE,218,14.7,5.2,13.9,5.1
0D22:28:34.166655000,GW,339,14.9,5.1,14.8,5.5
0D22:28:34.166655000,UL,250,14.8,5.3,14.9,5.3
0D22:28:39.166892000,BMW,235,14.7,5.2,14.7,5.2
0D22:28:39.166892000,FB,371,14.9,5.1,14.9,6.3
0D22:28:39.166892000,IBM.N,287,14.9,5.2,14.9,5.2
0D22:28:39.166892000,GE,222,14.7,5.2,13.9,5.1
0D22:28:39.166892000,GW,339,14.9,5.1,14.8,5.5
0D22:28:39.166892000,UL,250,14.8,5.3,14.9,5.3
0D22:28:44.167475000,BMW,235,14.7,5.2,14.7,5.2
0D22:28:44.167475000,FB,371,14.9,5.1,14.9,6.3
0D22:28:44.167475000,IBM.N,295,14.9,5.2,14.9,5.2
0D22:28:44.167475000,GE,237,14.8,5.2,13.9,5.1
0D22:28:44.167475000,GW,348,14.9,5.1,14.8,5.5
0D22:28:44.167475000,UL,250,14.8,5.3,14.9,5.3
0D22:28:49.167540000,BMW,235,14.7,5.2,14.7,5.2
0D22:28:49.167540000,FB,371,14.9,5.1,14.9,6.3
0D22:28:49.167540000,IBM.N,311,14.9,5.2,14.9,5.2
0D22:28:49.167540000,GE,237,14.8,5.2,13.9,5.1
0D22:28:49.167540000,GW,348,14.9,5.1,14.8,5.5
0D22:28:49.167540000,UL,250,14.8,5.3,14.9,5.3
0D22:28:54.166761000,BMW,235,14.7,5.2,14.7,5.2
0D22:28:54.166761000,FB,371,14.9,5.1,14.9,6.3
0D22:28:54.166761000,IBM.N,311,14.9,5.2,14.9,5.2
0D22:28:54.166761000,GE,237,14.8,5.2,13.9,5.1
0D22:28:54.166761000,GW,362,14.9,5.1,14.8,5.5
0D22:28:54.166761000,UL,250,14.8,5.3,14.9,5.3
0D22:28:59.167354000,BMW,235,14.7,5.2,14.7,5.2
0D22:28:59.167354000,FB,373,14.9,5.1,14.9,6.3
0D22:28:59.167354000,IBM.N,319,14.9,5.2,14.9,5.2
0D22:28:59.167354000,GE,237,14.8,5.2,13.9,5.1
0D22:28:59.167354000,GW,362,14.9,5.1,14.8,5.5
0D22:28:59.167354000,UL,250,14.8,5.3,14.9,5.3
0D22:29:04.166507000,BMW,238,14.7,5.2,14.7,5.2
0D22:29:04.166507000,FB,373,14.9,5.1,14.9,6.3
0D22:29:04.166507000,IBM.N,319,14.9,5.2,14.9,5.2
0D22:29:04.166507000,GE,237,14.8,5.2,13.9,5.1
0D22:29:04.166507000,GW,371,14.9,5.1,14.8,5.5
0D22:29:04.166507000,UL,250,14.8,5.3,14.9,5.3
0D22:29:09.167512000,BMW,238,14.7,5.2,14.7,5.2
0D22:29:09.167512000,FB,373,14.9,5.1,14.9,6.3
0D22:29:09.167512000,IBM.N,319,14.9,5.2,14.9,5.2
0D22:29:09.167512000,GE,243,14.8,5.2,13.9,5.1
0D22:29:09.167512000,GW,380,14.9,5.1,14.8,5.5
0D22:29:09.167512000,UL,250,14.8,5.3,14.9,5.3
0D22:29:14.167211000,BMW,238,14.7,5.2,14.7,5.2
0D22:29:14.167211000,FB,373,14.9,5.1,14.9,6.3
0D22:29:14.167211000,IBM.N,319,14.9,5.2,14.9,5.2
0D22:29:14.167211000,GE,243,14.8,5.2,13.9,5.1
0D22:29:14.167211000,GW,380,14.9,5.1,14.8,5.5
0D22:29:14.167211000,UL,250,14.8,5.3,14.9,5.3
0D22:29:19.166930000,BMW,238,14.7,5.2,14.7,5.2
0D22:29:19.166930000,FB,380,14.9,5.1,14.9,6.3
0D22:29:19.166930000,IBM.N,319,14.9,5.2,14.9,5.2
0D22:29:19.166930000,GE,243,14.8,5.2,13.9,5.1
0D22:29:19.166930000,GW,380,14.9,5.1,14.8,5.5
0D22:29:19.166930000,UL,250,14.8,5.3,14.9,5.3
0D22:29:24.166479000,BMW,240,14.7,5.2,14.7,5.2
0D22:29:24.166479000,FB,387,14.9,5.1,14.9,6.3
0D22:29:24.166479000,IBM.N,319,14.9,5.2,14.9,5.2
0D22:29:24.166479000,GE,250,14.8,5.2,13.9,5.1
0D22:29:24.166479000,GW,380,14.9,5.1,14.8,5.5
0D22:29:24.166479000,UL,253,14.8,5.3,14.9,5.3
0D22:29:29.167097000,BMW,253,14.7,5.2,14.7,5.2
0D22:29:29.167097000,FB,396,14.9,5.1,14.9,6.3
0D22:29:29.167097000,IBM.N,326,14.9,5.2,14.9,5.2
0D22:29:29.167097000,GE,258,14.8,5.2,13.9,5.1
0D22:29:29.167097000,GW,380,14.9,5.1,14.8,5.5
0D22:29:29.167097000,UL,253,14.8,5.3,14.9,5.3
0D22:29:34.166956000,BMW,253,14.7,5.2,14.7,5.2
0D22:29:34.166956000,FB,402,14.9,5.1,14.9,6.3
0D22:29:34.166956000,IBM.N,326,14.9,5.2,14.9,5.2
0D22:29:34.166956000,GE,258,14.8,5.2,13.9,5.1
0D22:29:34.166956000,GW,380,14.9,5.1,14.8,5.5
0D22:29:34.166956000,UL,253,14.8,5.3,14.9,5.3
0D22:29:39.165967000,BMW,253,14.7,5.2,14.7,5.2
0D22:29:39.165967000,FB,402,14.9,5.1,14.9,6.3
0D22:29:39.165967000,IBM.N,326,14.9,5.2,14.9,5.2
0D22:29:39.165967000,GE,263,14.8,5.2,13.9,5.1
0D22:29:39.165967000,GW,380,14.9,5.1,14.8,5.5
0D22:29:39.165967000,UL,253,14.8,5.3,14.9,5.3
0D22:29:44.166728000,BMW,258,14.7,5.2,14.7,5.2
0D22:29:44.166728000,FB,405,14.9,5.1,14.9,6.3
0D22:29:44.166728000,IBM.N,326,14.9,5.2,14.9,5.2
0D22:29:44.166728000,GE,271,14.8,5.2,13.9,5.1
0D22:29:44.166728000,GW,380,14.9,5.1,14.8,5.5
0D22:29:44.166728000,UL,253,14.8,5.3,14.9,5.3
0D22:29:49.167601000,BMW,265,14.7,5.2,14.7,5.2
0D22:29:49.167601000,FB,405,14.9,5.1,14.9,6.3
0D22:29:49.167601000,IBM.N,332,14.9,5.2,14.9,5.2
0D22:29:49.167601000,GE,271,14.8,5.2,13.9,5.1
0D22:29:49.167601000,GW,380,14.9,5.1,14.9,5.5
0D22:29:49.167601000,UL,253,14.8,5.3,14.9,5.3
0D22:29:54.167623000,BMW,273,14.7,5.2,14.7,5.2
0D22:29:54.167623000,FB,405,14.9,5.1,14.9,6.3
0D22:29:54.167623000,IBM.N,332,14.9,5.2,14.9,5.2
0D22:29:54.167623000,GE,271,14.8,5.2,13.9,5.1
0D22:29:54.167623000,GW,380,14.9,5.1,14.9,5.2
0D22:29:54.167623000,UL,253,14.8,5.3,14.9,5.3
0D22:29:59.166922000,BMW,273,14.7,5.2,14.7,5.2
0D22:29:59.166922000,FB,405,14.9,5.1,14.9,6.3
0D22:29:59.166922000,IBM.N,332,14.9,5.2,14.9,5.2
0D22:29:59.166922000,GE,278,14.8,5.2,13.9,5.1
0D22:29:59.166922000,GW,380,14.9,5.1,14.9,5.2
0D22:29:59.166922000,UL,253,14.8,5.3,14.9,5.3
0D22:30:04.167443000,BMW,273,14.7,5.2,14.7,5.2
0D22:30:04.167443000,FB,409,14.9,5.1,14.9,6.3
0D22:30:04.167443000,IBM.N,332,14.9,5.2,14.9,5.2
0D22:30:04.167443000,GE,278,14.8,5.2,13.9,5.1
0D22:30:04.167443000,GW,380,14.9,5.1,14.9,5.2
0D22:30:04.167443000,UL,260,14.8,5.3,14.9,5.3
0D22:30:09.166693000,BMW,273,14.7,5.2,14.7,5.2
0D22:30:09.166693000,FB,409,14.9,5.1,14.9,6.3
0D22:30:09.166693000,IBM.N,340,14.9,5.2,14.9,5.2
0D22:30:09.166693000,GE,286,14.8,5.2,13.9,5.1
0D22:30:09.166693000,GW,380,14.9,5.1,14.9,5.2
0D22:30:09.166693000,UL,260,14.8,5.3,14.9,5.3
0D22:30:14.167771000,BMW,273,14.7,5.2,14.7,5.2
0D22:30:14.167771000,FB,409,14.9,5.1,14.9,6.3
0D22:30:14.167771000,IBM.N,340,14.9,5.2,14.9,5.2
0D22:30:14.167771000,GE,291,14.8,5.2,13.9,5.1
0D22:30:14.167771000,GW,380,14.9,5.1,14.9,5.2
0D22:30:14.167771000,UL,260,14.8,5.3,14.9,5.3
0D22:30:19.167130000,BMW,273,14.7,5.2,14.7,5.2
0D22:30:19.167130000,FB,409,14.9,5.1,14.9,6.3
0D22:30:19.167130000,IBM.N,340,14.9,5.2,14.9,5.2
0D22:30:19.167130000,GE,291,14.8,5.2,13.9,5.1
0D22:30:19.167130000,GW,382,14.9,5.1,14.9,5.2
0D22:30:19.167130000,UL,260,14.8,5.3,14.9,5.3
0D22:30:24.166432000,BMW,273,14.7,5.2,14.7,5.2
0D22:30:24.166432000,FB,409,14.9,5.1,14.9,6.3
0D22:30:24.166432000,IBM.N,364,14.9,5.2,14.9,5.2
0D22:30:24.166432000,GE,293,14.8,5.2,13.9,5.1
0D22:30:24.166432000,GW,382,14.9,5.1,14.9,5.2
0D22:30:24.166432000,UL,269,14.8,5.3,14.9,5.3
0D22:30:29.167571000,BMW,273,14.7,5.2,14.7,5.2
0D22:30:29.167571000,FB,413,14.9,5.1,14.9,6.3
0D22:30:29.167571000,IBM.N,364,14.9,5.2,14.9,5.2
0D22:30:29.167571000,GE,293,14.8,5.2,14.6,5.1
0D22:30:29.167571000,GW,382,14.9,5.1,14.9,5.2
0D22:30:29.167571000,UL,276,14.8,5.3,14.9,5.3
0D22:30:34.167161000,BMW,273,14.7,5.2,14.7,5.2
0D22:30:34.167161000,FB,421,14.9,5.1,14.9,6.3
0D22:30:34.167161000,IBM.N,364,14.9,5.2,14.9,5.2
0D22:30:34.167161000,GE,293,14.8,5.2,14.6,5.1
0D22:30:34.167161000,GW,382,14.9,5.1,14.9,5.2
0D22:30:34.167161000,UL,283,14.8,5.3,14.9,5.3
0D22:30:39.167788000,BMW,273,14.7,5.2,14.7,5.2
0D22:30:39.167788000,FB,421,14.9,5.1,14.9,6.3
0D22:30:39.167788000,IBM.N,365,14.9,5.2,14.9,5.2
0D22:30:39.167788000,GE,294,14.8,5.2,14.6,5.1
0D22:30:39.167788000,GW,388,14.9,5.1,14.9,5.2
0D22:30:39.167788000,UL,283,14.8,5.3,14.9,5.3
0D22:30:44.167100000,BMW,276,14.8,5.2,14.7,5.2
0D22:30:44.167100000,FB,430,14.9,5.1,14.9,6.3
0D22:30:44.167100000,IBM.N,367,14.9,5.2,14.9,5.2
0D22:30:44.167100000,GE,294,14.8,5.2,14.6,5.1
0D22:30:44.167100000,GW,388,14.9,5.1,14.9,5.2
0D22:30:44.167100000,UL,283,14.8,5.3,14.9,5.3
0D22:30:49.167114000,BMW,278,14.8,5.2,14.7,5.2
0D22:30:49.167114000,FB,430,14.9,5.1,14.9,6.3
0D22:30:49.167114000,IBM.N,367,14.9,5.2,14.9,5.2
0D22:30:49.167114000,GE,294,14.8,5.2,14.6,5.1
0D22:30:49.167114000,GW,388,14.9,5.1,14.9,5.2
0D22:30:49.167114000,UL,283,14.8,5.3,14.9,5.3
0D22:30:54.167542000,BMW,279,14.8,5.2,14.7,5.2
0D22:30:54.167542000,FB,430,14.9,5.1,14.9,6.3
0D22:30:54.167542000,IBM.N,367,14.9,5.2,14.9,5.2
0D22:30:54.167542000,GE,294,14.8,5.2,14.6,5.1
0D22:30:54.167542000,GW,388,14.9,5.1,14.9,5.2
0D22:30:54.167542000,UL,283,14.8,5.3,14.9,5.3
0D22:30:59.166866000,BMW,280,14.8,5.2,14.7,5.2
0D22:30:59.166866000,FB,430,14.9,5.1,14.9,6.3
0D22:30:59.166866000,IBM.N,367,14.9,5.2,14.9,5.2
0D22:30:59.166866000,GE,294,14.8,5.2,14.6,5.1
0D22:30:59.166866000,GW,388,14.9,5.1,14.9,5.2
0D22:30:59.166866000,UL,283,14.8,5.3,14.9,5.3
0D22:31:04.168098000,BMW,280,14.8,5.2,14.7,5.2
0D22:31:04.168098000,FB,430,14.9,5.1,14.9,6.3
0D22:31:04.168098000,IBM.N,374,14.9,5.2,14.9,5.2
0D22:31:04.168098000,GE,301,14.8,5.2,14.6,5.1
0D22:31:04.168098000,GW,388,14.9,5.1,14.9,5.2
0D22:31:04.168098000,UL,283,14.8,5.3,14.9,5.3
0D22:31:09.167460000,BMW,280,14.8,5.2,14.7,5.2
0D22:31:09.167460000,FB,430,14.9,5.1,14.9,6.3
0D22:31:09.167460000,IBM.N,374,14.9,5.2,14.9,5.2
0D22:31:09.167460000,GE,307,14.8,5.2,14.6,5.1
0D22:31:09.167460000,GW,392,14.9,5.1,14.9,5.2
0D22:31:09.167460000,UL,285,14.8,5.3,14.9,5.3
0D22:31:14.167530000,BMW,280,14.8,5.2,14.7,5.2
0D22:31:14.167530000,FB,430,14.9,5.1,14.9,6.3
0D22:31:14.167530000,IBM.N,374,14.9,5.2,14.9,5.2
0D22:31:14.167530000,GE,307,14.8,5.2,14.6,5.1
0D22:31:14.167530000,GW,393,14.9,5.1,14.9,5.2
0D22:31:14.167530000,UL,289,14.8,5.3,14.9,5.3
0D22:31:19.166575000,BMW,280,14.8,5.2,14.7,5.2
0D22:31:19.166575000,FB,438,14.9,5.1,14.9,6.3
0D22:31:19.166575000,IBM.N,376,14.9,5.2,14.9,5.2
0D22:31:19.166575000,GE,307,14.8,5.2,14.6,5.1
0D22:31:19.166575000,GW,393,14.9,5.1,14.9,5.2
0D22:31:19.166575000,UL,289,14.8,5.3,14.9,5.3
0D22:31:24.166415000,BMW,280,14.8,5.2,14.7,5.2
0D22:31:24.166415000,FB,438,14.9,5.1,14.9,6.3
0D22:31:24.166415000,IBM.N,385,14.9,5.2,14.9,5.2
0D22:31:24.166415000,GE,307,14.8,5.2,14.6,5.1
0D22:31:24.166415000,GW,399,14.9,5.1,14.9,5.2
0D22:31:24.166415000,UL,289,14.8,5.3,14.9,5.3
0D22:31:29.167359000,BMW,280,14.8,5.2,14.7,5.2
0D22:31:29.167359000,FB,444,14.9,5.1,14.9,6.3
0D22:31:29.167359000,IBM.N,390,14.9,5.2,14.9,5.2
0D22:31:29.167359000,GE,313,14.8,5.2,14.6,5.1
0D22:31:29.167359000,GW,399,14.9,5.1,14.9,5.2
0D22:31:29.167359000,UL,291,14.8,5.3,14.9,5.3
0D22:31:34.167629000,BMW,281,14.8,5.2,14.7,5.2
0D22:31:34.167629000,FB,444,14.9,5.1,14.9,6.3
0D22:31:34.167629000,IBM.N,399,14.9,5.2,14.9,5.2
0D22:31:34.167629000,GE,313,14.8,5.2,14.6,5.1
0D22:31:34.167629000,GW,399,14.9,5.1,14.9,5.2
0D22:31:34.167629000,UL,291,14.8,5.3,14.9,5.3
0D22:31:39.167128000,BMW,281,14.8,5.2,14.7,5.2
0D22:31:39.167128000,FB,444,14.9,5.1,14.9,6.3
0D22:31:39.167128000,IBM.N,406,14.9,5.2,14.9,5.2
0D22:31:39.167128000,GE,313,14.8,5.2,14.6,5.1
0D22:31:39.167128000,GW,399,14.9,5.1,14.9,5.2
0D22:31:39.167128000,UL,291,14.8,5.3,14.9,5.3
0D22:31:44.167369000,BMW,281,14.8,5.2,14.7,5.2
0D22:31:44.167369000,FB,444,14.9,5.1,14.9,6.3
0D22:31:44.167369000,IBM.N,411,14.9,5.2,14.9,5.2
0D22:31:44.167369000,GE,313,14.8,5.2,14.6,5.1
0D22:31:44.167369000,GW,399,14.9,5.1,14.9,5.2
0D22:31:44.167369000,UL,292,14.8,5.3,14.9,5.3
0D22:31:49.167039000,BMW,281,14.8,5.2,14.7,5.2
0D22:31:49.167039000,FB,444,14.9,5.1,14.9,6.3
0D22:31:49.167039000,IBM.N,411,14.9,5.2,14.9,5.2
0D22:31:49.167039000,GE,313,14.8,5.2,14.6,5.1
0D22:31:49.167039000,GW,399,14.9,5.1,14.9,5.2
0D22:31:49.167039000,UL,299,14.8,5.3,14.9,5.3
0D22:31:54.166677000,BMW,281,14.8,5.2,14.7,5.2
0D22:31:54.166677000,FB,449,14.9,5.1,14.9,6.3
0D22:31:54.166677000,IBM.N,413,14.9,5.2,14.9,5.2
0D22:31:54.166677000,GE,313,14.8,5.2,14.6,5.1
0D22:31:54.166677000,GW,399,14.9,5.1,14.9,5.2
0D22:31:54.166677000,UL,301,14.8,5.3,14.9,5.3
0D22:31:59.167764000,BMW,282,14.8,5.2,14.7,5.2
0D22:31:59.167764000,FB,449,14.9,5.1,14.9,5.1
0D22:31:59.167764000,IBM.N,413,14.9,5.2,14.9,5.2
0D22:31:59.167764000,GE,313,14.8,5.2,14.6,5.1
0D22:31:59.167764000,GW,401,14.9,5.1,14.9,5.2
0D22:31:59.167764000,UL,301,14.8,5.3,14.9,5.3
0D22:32:04.166677000,BMW,294,14.8,5.2,14.7,5.2
0D22:32:04.166677000,FB,449,14.9,5.1,14.9,5.1
0D22:32:04.166677000,IBM.N,413,14.9,5.2,14.9,5.2
0D22:32:04.166677000,GE,313,14.8,5.2,14.6,5.1
0D22:32:04.166677000,GW,401,14.9,5.1,14.9,5.2
0D22:32:04.166677000,UL,301,14.8,5.3,14.9,5.3
0D22:32:09.168038000,BMW,294,14.8,5.2,14.7,5.2
0D22:32:09.168038000,FB,449,14.9,5.1,14.9,5.1
0D22:32:09.168038000,IBM.N,415,14.9,5.2,14.9,5.2
0D22:32:09.168038000,GE,313,14.8,5.2,14.6,5.1
0D22:32:09.168038000,GW,401,14.9,5.1,14.9,5.2
0D22:32:09.168038000,UL,301,14.8,5.3,14.9,5.3
0D22:32:14.167632000,BMW,294,14.8,5.2,14.7,5.2
0D22:32:14.167632000,FB,449,14.9,5.1,14.9,5.1
0D22:32:14.167632000,IBM.N,429,14.9,5.2,14.9,5.2
0D22:32:14.167632000,GE,313,14.8,5.2,14.6,5.1
0D22:32:14.167632000,GW,401,14.9,5.1,14.9,5.2
0D22:32:14.167632000,UL,301,14.8,5.3,14.9,5.3
0D22:32:19.166884000,BMW,294,14.8,5.2,14.7,5.2
0D22:32:19.166884000,FB,458,14.9,5.1,14.9,5.1
0D22:32:19.166884000,IBM.N,430,14.9,5.2,14.9,5.2
0D22:32:19.166884000,GE,313,14.8,5.2,14.6,5.1
0D22:32:19.166884000,GW,401,14.9,5.1,14.9,5.2
0D22:32:19.166884000,UL,306,14.8,5.3,14.9,5.3
0D22:32:24.166395000,BMW,294,14.8,5.2,14.7,5.2
0D22:32:24.166395000,FB,463,14.9,5.1,14.9,5.1
0D22:32:24.166395000,IBM.N,430,14.9,5.2,14.9,5.2
0D22:32:24.166395000,GE,313,14.8,5.2,14.6,5.1
0D22:32:24.166395000,GW,407,14.9,5.1,14.9,5.2
0D22:32:24.166395000,UL,306,14.8,5.3,14.9,5.3
0D22:32:29.167557000,BMW,294,14.8,5.2,14.7,5.2
0D22:32:29.167557000,FB,463,14.9,5.1,14.9,5.1
0D22:32:29.167557000,IBM.N,430,14.9,5.2,14.9,5.2
0D22:32:29.167557000,GE,320,14.8,5.2,14.6,5.1
0D22:32:29.167557000,GW,407,14.9,5.1,14.9,5.2
0D22:32:29.167557000,UL,306,14.8,5.3,14.9,5.3
0D22:32:34.167167000,BMW,294,14.8,5.2,14.7,5.2
0D22:32:34.167167000,FB,463,14.9,5.1,14.9,5.1
0D22:32:34.167167000,IBM.N,430,14.9,5.2,14.9,5.2
0D22:32:34.167167000,GE,320,14.8,5.2,14.6,5.1
0D22:32:34.167167000,GW,407,14.9,5.1,14.9,5.2
0D22:32:34.167167000,UL,306,14.8,5.3,14.9,5.3
0D22:32:39.167682000,BMW,294,14.8,5.2,14.7,5.2
0D22:32:39.167682000,FB,470,14.9,5.1,14.9,5.1
0D22:32:39.167682000,IBM.N,430,14.9,5.2,14.9,5.2
0D22:32:39.167682000,GE,320,14.8,5.2,14.6,5.1
0D22:32:39.167682000,GW,407,14.9,5.1,14.9,5.2
0D22:32:39.167682000,UL,318,14.8,5.3,14.9,5.3
0D22:32:44.167344000,BMW,294,14.8,5.2,14.7,5.2
0D22:32:44.167344000,FB,470,14.9,5.1,14.9,5.1
0D22:32:44.167344000,IBM.N,430,14.9,5.2,14.9,5.2
0D22:32:44.167344000,GE,326,14.8,5.2,14.6,5.1
0D22:32:44.167344000,GW,407,14.9,5.1,14.9,5.2
0D22:32:44.167344000,UL,325,14.8,5.2,14.9,5.3
0D22:32:49.169416000,BMW,297,14.8,5.2,14.7,5.2
0D22:32:49.169416000,FB,470,14.9,5.1,14.9,5.1
0D22:32:49.169416000,IBM.N,430,14.9,5.2,14.9,5.2
0D22:32:49.169416000,GE,326,14.8,5.2,14.6,5.1
0D22:32:49.169416000,GW,407,14.9,5.1,14.9,5.2
0D22:32:49.169416000,UL,327,14.8,5.2,14.9,5.3
0D22:32:54.167597000,BMW,297,14.8,5.2,14.7,5.2
0D22:32:54.167597000,FB,474,14.9,5.1,14.9,5.1
0D22:32:54.167597000,IBM.N,433,14.9,5.2,14.9,5.2
0D22:32:54.167597000,GE,326,14.8,5.2,14.6,5.1
0D22:32:54.167597000,GW,407,14.9,5.1,14.9,5.2
0D22:32:54.167597000,UL,327,14.8,5.2,14.9,5.3
0D22:32:59.167347000,BMW,297,14.8,5.2,14.7,5.2
0D22:32:59.167347000,FB,481,14.9,5.1,14.9,5.1
0D22:32:59.167347000,IBM.N,433,14.9,5.2,14.9,5.2
0D22:32:59.167347000,GE,331,14.8,5.2,14.6,5.1
0D22:32:59.167347000,GW,407,14.9,5.1,14.9,5.2
0D22:32:59.167347000,UL,327,14.8,5.2,14.9,5.3
0D22:33:04.167232000,BMW,297,14.8,5.2,14.7,5.2
0D22:33:04.167232000,FB,481,14.9,5.1,14.9,5.1
0D22:33:04.167232000,IBM.N,433,14.9,5.2,14.9,5.2
0D22:33:04.167232000,GE,331,14.8,5.2,14.6,5.1
0D22:33:04.167232000,GW,407,14.9,5.1,14.9,5.2
0D22:33:04.167232000,UL,335,14.8,5.2,14.9,5.3
0D22:33:09.166852000,BMW,297,14.8,5.2,14.7,5.2
0D22:33:09.166852000,FB,481,14.9,5.1,14.9,5.1
0D22:33:09.166852000,IBM.N,433,14.9,5.2,14.9,5.2
0D22:33:09.166852000,GE,331,14.8,5.2,14.6,5.1
0D22:33:09.166852000,GW,413,14.9,5.1,14.9,5.2
0D22:33:09.166852000,UL,335,14.8,5.2,14.9,5.3
0D22:33:14.166796000,BMW,297,14.8,5.2,14.7,5.2
0D22:33:14.166796000,FB,481,14.9,5.1,14.9,5.1
0D22:33:14.166796000,IBM.N,433,14.9,5.2,14.9,5.2
0D22:33:14.166796000,GE,343,14.8,5.2,14.6,5.1
0D22:33:14.166796000,GW,413,14.9,5.1,14.9,5.2
0D22:33:14.166796000,UL,335,14.8,5.2,14.9,5.3
0D22:33:19.167715000,BMW,297,14.8,5.2,14.7,5.2
0D22:33:19.167715000,FB,481,14.9,5.1,14.9,5.1
0D22:33:19.167715000,IBM.N,439,14.9,5.2,14.9,5.2
0D22:33:19.167715000,GE,344,14.8,5.2,14.6,5.1
0D22:33:19.167715000,GW,413,14.9,5.1,14.9,5.2
0D22:33:19.167715000,UL,344,14.8,5.2,14.9,5.3
0D22:33:24.166319000,BMW,297,14.8,5.2,14.7,5.2
0D22:33:24.166319000,FB,481,14.9,5.1,14.9,5.1
0D22:33:24.166319000,IBM.N,439,14.9,5.2,14.9,5.2
0D22:33:24.166319000,GE,345,14.8,5.2,14.6,5.1
0D22:33:24.166319000,GW,413,14.9,5.1,14.9,5.2
0D22:33:24.166319000,UL,347,14.8,5.2,14.9,5.3
0D22:33:29.166360000,BMW,297,14.8,5.2,14.7,5.2
0D22:33:29.166360000,FB,481,14.9,5.1,14.9,5.1
0D22:33:29.166360000,IBM.N,448,14.9,5.2,14.9,5.2
0D22:33:29.166360000,GE,351,14.8,5.2,14.6,5.1
0D22:33:29.166360000,GW,413,14.9,5.1,14.9,5.2
0D22:33:29.166360000,UL,350,14.8,5.2,14.9,5.3
0D22:33:34.166849000,BMW,297,14.8,5.2,14.7,5.2
0D22:33:34.166849000,FB,481,14.9,5.1,14.9,5.1
0D22:33:34.166849000,IBM.N,451,14.9,5.2,14.9,5.2
0D22:33:34.166849000,GE,351,14.8,5.2,14.6,5.1
0D22:33:34.166849000,GW,413,14.9,5.1,14.9,5.2
0D22:33:34.166849000,UL,352,14.8,5.2,14.9,5.3
0D22:33:39.167139000,BMW,298,14.8,5.2,14.7,5.2
0D22:33:39.167139000,FB,481,14.9,5.1,14.9,5.1
0D22:33:39.167139000,IBM.N,451,14.9,5.2,14.9,5.2
0D22:33:39.167139000,GE,351,14.8,5.2,14.6,5.1
0D22:33:39.167139000,GW,422,14.9,5.1,14.9,5.2
0D22:33:39.167139000,UL,352,14.8,5.2,14.9,5.3
0D22:33:44.166952000,BMW,298,14.8,5.2,14.7,5.2
0D22:33:44.166952000,FB,486,14.9,5.1,14.9,5.1
0D22:33:44.166952000,IBM.N,451,14.9,5.2,14.9,5.2
0D22:33:44.166952000,GE,351,14.8,5.2,14.6,5.1
0D22:33:44.166952000,GW,426,14.9,5.1,14.9,5.2
0D22:33:44.166952000,UL,360,14.8,5.2,14.9,5.3
0D22:33:49.166495000,BMW,298,14.8,5.2,14.7,5.2
0D22:33:49.166495000,FB,486,14.9,5.1,14.9,5.1
0D22:33:49.166495000,IBM.N,451,14.9,5.2,14.9,5.2
0D22:33:49.166495000,GE,351,14.8,5.2,14.6,5.1
0D22:33:49.166495000,GW,426,14.9,5.1,14.9,5.2
0D22:33:49.166495000,UL,369,14.8,5.2,14.9,5.3
0D22:33:54.167076000,BMW,300,14.8,5.2,14.7,5.2
0D22:33:54.167076000,FB,486,14.9,5.1,14.9,5.1
0D22:33:54.167076000,IBM.N,453,14.9,5.2,14.9,5.2
0D22:33:54.167076000,GE,351,14.8,5.2,14.6,5.1
0D22:33:54.167076000,GW,433,14.9,5.1,14.9,5.2
0D22:33:54.167076000,UL,370,14.8,5.2,14.9,5.3
0D22:33:59.166659000,BMW,305,14.8,5.2,14.7,5.2
0D22:33:59.166659000,FB,490,14.9,5.1,14.9,5.1
0D22:33:59.166659000,IBM.N,453,14.9,5.2,14.9,5.2
0D22:33:59.166659000,GE,351,14.8,5.2,14.6,5.1
0D22:33:59.166659000,GW,433,14.9,5.1,14.9,5.2
0D22:33:59.166659000,UL,378,14.8,5.2,14.9,5.3
0D22:34:04.167735000,BMW,305,14.8,5.2,14.7,5.2
0D22:34:04.167735000,FB,490,14.9,5.1,14.9,5.1
0D22:34:04.167735000,IBM.N,453,14.9,5.2,14.9,5.2
0D22:34:04.167735000,GE,351,14.8,5.2,14.6,5.1
0D22:34:04.167735000,GW,433,14.9,5.1,14.9,5.2
0D22:34:04.167735000,UL,378,14.8,5.2,14.9,5.3
0D22:34:09.166644000,BMW,305,14.8,5.2,14.7,5.2
0D22:34:09.166644000,FB,490,14.9,5.1,14.9,5.1
0D22:34:09.166644000,IBM.N,462,14.9,5.2,14.9,5.2
0D22:34:09.166644000,GE,362,14.8,5.2,14.6,5.1
0D22:34:09.166644000,GW,433,14.9,5.1,14.9,5.2
0D22:34:09.166644000,UL,378,14.8,5.2,14.9,5.3
0D22:34:14.168589000,BMW,305,14.8,5.2,14.7,5.2
0D22:34:14.168589000,FB,490,14.9,5.1,14.9,5.1
0D22:34:14.168589000,IBM.N,469,14.9,5.2,14.9,5.2
0D22:34:14.168589000,GE,362,14.8,5.2,14.6,5.1
0D22:34:14.168589000,GW,435,14.9,5.1,14.9,5.2
0D22:34:14.168589000,UL,378,14.8,5.2,14.9,5.3
0D22:34:19.166977000,BMW,305,14.8,5.2,14.7,5.2
0D22:34:19.166977000,FB,490,14.9,5.1,14.9,5.1
0D22:34:19.166977000,IBM.N,469,14.9,5.2,14.9,5.2
0D22:34:19.166977000,GE,367,14.9,5.2,14.6,5.1
0D22:34:19.166977000,GW,446,14.9,5.1,14.9,5.2
0D22:34:19.166977000,UL,386,14.8,5.2,14.9,5.3
0D22:34:24.166275000,BMW,305,14.8,5.2,14.7,5.2
0D22:34:24.166275000,FB,490,14.9,5.1,14.9,5.1
0D22:34:24.166275000,IBM.N,475,14.9,5.2,14.9,5.2
0D22:34:24.166275000,GE,367,14.9,5.2,14.6,5.1
0D22:34:24.166275000,GW,453,14.9,5.1,14.9,5.2
0D22:34:24.166275000,UL,386,14.8,5.2,14.9,5.3
0D22:34:29.166696000,BMW,306,14.8,5.2,14.7,5.2
0D22:34:29.166696000,FB,490,14.9,5.1,14.9,5.1
0D22:34:29.166696000,IBM.N,475,14.9,5.2,14.9,5.2
0D22:34:29.166696000,GE,367,14.9,5.2,14.6,5.1
0D22:34:29.166696000,GW,453,14.9,5.1,14.9,5.2
0D22:34:29.166696000,UL,386,14.8,5.2,14.9,5.3
0D22:34:34.166514000,BMW,306,14.8,5.2,14.7,5.2
0D22:34:34.166514000,FB,490,14.9,5.1,14.9,5.1
0D22:34:34.166514000,IBM.N,475,14.9,5.2,14.9,5.2
0D22:34:34.166514000,GE,367,14.9,5.2,14.6,5.1
0D22:34:34.166514000,GW,453,14.9,5.1,14.9,5.2
0D22:34:34.166514000,UL,394,14.8,5.2,14.9,5.3
0D22:34:39.167754000,BMW,306,14.8,5.2,14.7,5.2
0D22:34:39.167754000,FB,490,14.9,5.1,14.9,5.1
0D22:34:39.167754000,IBM.N,484,14.9,5.2,14.9,5.2
0D22:34:39.167754000,GE,367,14.9,5.2,14.6,5.1
0D22:34:39.167754000,GW,455,14.9,5.1,14.9,5.2
0D22:34:39.167754000,UL,394,14.8,5.2,14.9,5.3
0D22:34:44.167669000,BMW,306,14.8,5.2,14.7,5.2
0D22:34:44.167669000,FB,490,14.9,5.1,14.9,5.1
0D22:34:44.167669000,IBM.N,485,14.9,5.2,14.9,5.2
0D22:34:44.167669000,GE,367,14.9,5.2,14.6,5.1
0D22:34:44.167669000,GW,460,14.9,5.1,14.9,5.2
0D22:34:44.167669000,UL,394,14.8,5.2,14.9,5.3
0D22:34:49.166653000,BMW,308,14.8,5.2,14.7,5.2
0D22:34:49.166653000,FB,490,14.9,5.1,14.9,5.1
0D22:34:49.166653000,IBM.N,488,14.9,5.2,14.9,5.2
0D22:34:49.166653000,GE,367,14.9,5.2,14.6,5.1
0D22:34:49.166653000,GW,460,14.9,5.1,14.9,5.2
0D22:34:49.166653000,UL,394,14.8,5.2,14.9,5.3
0D22:34:54.167527000,BMW,308,14.8,5.2,14.7,5.2
0D22:34:54.167527000,FB,490,14.9,5.1,14.9,5.1
0D22:34:54.167527000,IBM.N,488,14.9,5.2,14.9,5.2
0D22:34:54.167527000,GE,367,14.9,5.2,14.6,5.1
0D22:34:54.167527000,GW,460,14.9,5.1,14.9,5.2
0D22:34:54.167527000,UL,394,14.8,5.2,14.9,5.3
0D22:34:59.167634000,BMW,308,14.8,5.2,14.7,5.2
0D22:34:59.167634000,FB,490,14.9,5.1,14.9,5.1
0D22:34:59.167634000,IBM.N,488,14.9,5.2,14.9,5.2
0D22:34:59.167634000,GE,374,14.9,5.2,14.6,5.1
0D22:34:59.167634000,GW,460,14.9,5.1,14.9,5.2
0D22:34:59.167634000,UL,394,14.8,5.2,14.9,5.3
0D22:35:04.167690000,BMW,308,14.8,5.2,14.7,5.2
0D22:35:04.167690000,FB,497,14.9,5.1,14.9,5.1
0D22:35:04.167690000,IBM.N,492,14.9,5.2,14.9,5.2
0D22:35:04.167690000,GE,374,14.9,5.2,14.6,5.1
0D22:35:04.167690000,GW,460,14.9,5.1,14.9,5.2
0D22:35:04.167690000,UL,394,14.8,5.2,14.9,5.3
0D22:35:09.167147000,BMW,308,14.8,5.2,14.7,5.2
0D22:35:09.167147000,FB,497,14.9,5.1,14.9,5.1
0D22:35:09.167147000,IBM.N,500,14.9,5.2,14.9,5.2
0D22:35:09.167147000,GE,374,14.9,5.2,14.6,5.1
0D22:35:09.167147000,GW,460,14.9,5.1,14.9,5.2
0D22:35:09.167147000,UL,394,14.8,5.2,14.9,5.3
0D22:35:14.167488000,BMW,308,14.8,5.2,14.7,5.2
0D22:35:14.167488000,FB,504,14.9,5.1,14.9,5.1
0D22:35:14.167488000,IBM.N,500,14.9,5.2,14.9,5.2
0D22:35:14.167488000,GE,380,14.9,5.2,14.6,5.1
0D22:35:14.167488000,GW,460,14.9,5.1,14.9,5.2
0D22:35:14.167488000,UL,394,14.8,5.2,14.9,5.3
0D22:35:19.166696000,BMW,308,14.8,5.2,14.7,5.2
0D22:35:19.166696000,FB,504,14.9,5.1,14.9,5.1
0D22:35:19.166696000,IBM.N,500,14.9,5.2,14.9,5.2
0D22:35:19.166696000,GE,387,14.9,5.2,14.6,5.1
0D22:35:19.166696000,GW,460,14.9,5.1,14.9,5.2
0D22:35:19.166696000,UL,394,14.8,5.2,14.9,5.3
0D22:35:24.166716000,BMW,308,14.8,5.2,14.7,5.2
0D22:35:24.166716000,FB,504,14.9,5.1,14.9,5.1
0D22:35:24.166716000,IBM.N,500,14.9,5.2,14.9,5.2
0D22:35:24.166716000,GE,387,14.9,5.2,14.6,5.1
0D22:35:24.166716000,GW,460,14.9,5.1,14.9,5.2
0D22:35:24.166716000,UL,402,14.8,5.2,14.9,5.3
0D22:35:29.167220000,BMW,317,14.8,5.2,14.7,5.2
0D22:35:29.167220000,FB,504,14.9,5.1,14.9,5.1
0D22:35:29.167220000,IBM.N,500,14.9,5.2,14.9,5.2
0D22:35:29.167220000,GE,387,14.9,5.2,14.6,5.1
0D22:35:29.167220000,GW,460,14.9,5.1,14.9,5.2
0D22:35:29.167220000,UL,402,14.8,5.2,14.9,5.3
0D22:35:34.166762000,BMW,317,14.8,5.2,14.7,5.2
0D22:35:34.166762000,FB,508,14.9,5.1,14.9,5.1
0D22:35:34.166762000,IBM.N,501,14.9,5.2,14.9,5.2
0D22:35:34.166762000,GE,387,14.9,5.2,14.6,5.1
0D22:35:34.166762000,GW,460,14.9,5.1,14.9,5.2
0D22:35:34.166762000,UL,402,14.8,5.2,14.9,5.3
0D22:35:39.165880000,BMW,317,14.8,5.2,14.7,5.2
0D22:35:39.165880000,FB,508,14.9,5.1,14.9,5.1
0D22:35:39.165880000,IBM.N,506,14.9,5.2,14.9,5.2
0D22:35:39.165880000,GE,389,14.9,5.2,14.6,5.1
0D22:35:39.165880000,GW,469,14.9,5.1,14.9,5.2
0D22:35:39.165880000,UL,409,14.8,5.2,14.9,5.3
0D22:35:44.167241000,BMW,319,14.8,5.2,14.7,5.2
0D22:35:44.167241000,FB,508,14.9,5.1,14.9,5.1
0D22:35:44.167241000,IBM.N,508,14.9,5.2,14.9,5.2
0D22:35:44.167241000,GE,409,14.9,5.2,14.6,5.1
0D22:35:44.167241000,GW,469,14.9,5.1,14.9,5.2
0D22:35:44.167241000,UL,409,14.8,5.2,14.9,5.3
0D22:35:49.167355000,BMW,319,14.8,5.2,14.7,5.2
0D22:35:49.167355000,FB,509,14.9,5.1,14.9,5.1
0D22:35:49.167355000,IBM.N,508,14.9,5.2,14.9,5.2
0D22:35:49.167355000,GE,426,14.9,5.2,14.6,5.1
0D22:35:49.167355000,GW,469,14.9,5.1,14.9,5.2
0D22:35:49.167355000,UL,418,14.8,5.2,14.9,5.3
0D22:35:54.167196000,BMW,327,14.8,5.2,14.7,5.2
0D22:35:54.167196000,FB,509,14.9,5.1,14.9,5.1
0D22:35:54.167196000,IBM.N,508,14.9,5.2,14.9,5.2
0D22:35:54.167196000,GE,426,14.9,5.2,14.6,5.1
0D22:35:54.167196000,GW,473,14.9,5.1,14.9,5.2
0D22:35:54.167196000,UL,418,14.8,5.2,14.9,5.3
0D22:35:59.167575000,BMW,330,14.8,5.2,14.7,5.2
0D22:35:59.167575000,FB,509,14.9,5.1,14.9,5.1
0D22:35:59.167575000,IBM.N,508,14.9,5.2,14.9,5.2
0D22:35:59.167575000,GE,426,14.9,5.2,14.6,5.1
0D22:35:59.167575000,GW,473,14.9,5.1,14.9,5.2
0D22:35:59.167575000,UL,418,14.8,5.2,14.9,5.3
0D22:36:04.167638000,BMW,330,14.8,5.2,14.7,5.2
0D22:36:04.167638000,FB,513,14.9,5.1,14.9,5.1
0D22:36:04.167638000,IBM.N,508,14.9,5.2,14.9,5.2
0D22:36:04.167638000,GE,426,14.9,5.2,14.6,5.1
0D22:36:04.167638000,GW,479,14.9,5.1,14.9,5.2
0D22:36:04.167638000,UL,418,14.8,5.2,14.9,5.3
0D22:36:09.167805000,BMW,330,14.8,5.2,14.7,5.2
0D22:36:09.167805000,FB,513,14.9,5.1,14.9,5.1
0D22:36:09.167805000,IBM.N,508,14.9,5.2,14.9,5.2
0D22:36:09.167805000,GE,426,14.9,5.2,14.6,5.1
0D22:36:09.167805000,GW,479,14.9,5.1,14.9,5.2
0D22:36:09.167805000,UL,418,14.8,5.2,14.9,5.3
0D22:36:14.166683000,BMW,330,14.8,5.2,14.7,5.2
0D22:36:14.166683000,FB,513,14.9,5.1,14.9,5.1
0D22:36:14.166683000,IBM.N,517,14.9,5.2,14.9,5.2
0D22:36:14.166683000,GE,426,14.9,5.2,14.6,5.1
0D22:36:14.166683000,GW,479,14.9,5.1,14.9,5.2
0D22:36:14.166683000,UL,418,14.8,5.2,14.9,5.3
0D22:36:19.166426000,BMW,333,14.8,5.2,14.7,5.2
0D22:36:19.166426000,FB,518,14.9,5.1,14.9,5.1
0D22:36:19.166426000,IBM.N,517,14.9,5.2,14.9,5.2
0D22:36:19.166426000,GE,426,14.9,5.2,14.6,5.1
0D22:36:19.166426000,GW,482,14.9,5.1,14.9,5.2
0D22:36:19.166426000,UL,418,14.8,5.2,14.9,5.3
0D22:36:24.166685000,BMW,333,14.8,5.2,14.7,5.2
0D22:36:24.166685000,FB,518,14.9,5.1,14.9,5.1
0D22:36:24.166685000,IBM.N,517,14.9,5.2,14.9,5.2
0D22:36:24.166685000,GE,426,14.9,5.2,14.6,5.1
0D22:36:24.166685000,GW,487,14.9,5.1,14.9,5.2
0D22:36:24.166685000,UL,421,14.8,5.2,14.9,5.3
0D22:36:29.167399000,BMW,333,14.8,5.2,14.7,5.2
0D22:36:29.167399000,FB,523,14.9,5.1,14.9,5.1
0D22:36:29.167399000,IBM.N,517,14.9,5.2,14.9,5.2
0D22:36:29.167399000,GE,426,14.9,5.2,14.6,5.1
0D22:36:29.167399000,GW,487,14.9,5.1,14.9,5.2
0D22:36:29.167399000,UL,421,14.8,5.2,14.9,5.3
0D22:36:34.166470000,BMW,333,14.8,5.2,14.7,5.2
0D22:36:34.166470000,FB,539,14.9,5.1,14.9,5.1
0D22:36:34.166470000,IBM.N,522,14.9,5.2,14.9,5.2
0D22:36:34.166470000,GE,426,14.9,5.2,14.6,5.1
0D22:36:34.166470000,GW,487,14.9,5.1,14.9,5.2
0D22:36:34.166470000,UL,421,14.8,5.2,14.9,5.3
